-- MySQL dump 10.13  Distrib 5.6.24, for Win32 (x86)
--
-- Host: 127.0.0.1    Database: pagpug
-- ------------------------------------------------------
-- Server version	5.6.26-log

/*!40101 SET @OLD_CHARACTER_SET_CLIENT=@@CHARACTER_SET_CLIENT */;
/*!40101 SET @OLD_CHARACTER_SET_RESULTS=@@CHARACTER_SET_RESULTS */;
/*!40101 SET @OLD_COLLATION_CONNECTION=@@COLLATION_CONNECTION */;
/*!40101 SET NAMES utf8 */;
/*!40103 SET @OLD_TIME_ZONE=@@TIME_ZONE */;
/*!40103 SET TIME_ZONE='+00:00' */;
/*!40014 SET @OLD_UNIQUE_CHECKS=@@UNIQUE_CHECKS, UNIQUE_CHECKS=0 */;
/*!40014 SET @OLD_FOREIGN_KEY_CHECKS=@@FOREIGN_KEY_CHECKS, FOREIGN_KEY_CHECKS=0 */;
/*!40101 SET @OLD_SQL_MODE=@@SQL_MODE, SQL_MODE='NO_AUTO_VALUE_ON_ZERO' */;
/*!40111 SET @OLD_SQL_NOTES=@@SQL_NOTES, SQL_NOTES=0 */;

--
-- Table structure for table `admin`
--

DROP TABLE IF EXISTS `admin`;
/*!40101 SET @saved_cs_client     = @@character_set_client */;
/*!40101 SET character_set_client = utf8 */;
CREATE TABLE `admin` (
  `id_admin` int(11) NOT NULL AUTO_INCREMENT,
  `username` varchar(50) NOT NULL,
  `password` varchar(50) NOT NULL,
  `pic` varchar(45) DEFAULT NULL,
  PRIMARY KEY (`id_admin`)
) ENGINE=InnoDB AUTO_INCREMENT=3 DEFAULT CHARSET=utf8;
/*!40101 SET character_set_client = @saved_cs_client */;

--
-- Dumping data for table `admin`
--

LOCK TABLES `admin` WRITE;
/*!40000 ALTER TABLE `admin` DISABLE KEYS */;
INSERT INTO `admin` VALUES (1,'daniel','1232','1.jpg'),(2,'dann','1232','2.jpg');
/*!40000 ALTER TABLE `admin` ENABLE KEYS */;
UNLOCK TABLES;

--
-- Table structure for table `artikel`
--

DROP TABLE IF EXISTS `artikel`;
/*!40101 SET @saved_cs_client     = @@character_set_client */;
/*!40101 SET character_set_client = utf8 */;
CREATE TABLE `artikel` (
  `id_artikel` int(11) NOT NULL AUTO_INCREMENT,
  `id_kategori` int(11) NOT NULL,
  `id_sub` int(11) NOT NULL,
  `nip` int(11) NOT NULL,
  `judul` varchar(250) NOT NULL,
  `tgl_dibuat` date NOT NULL,
  `artikel` text NOT NULL,
  `viewed` varchar(8) NOT NULL,
  `verifikasi` varchar(50) NOT NULL,
  `timeStamp` timestamp NOT NULL DEFAULT CURRENT_TIMESTAMP ON UPDATE CURRENT_TIMESTAMP,
  PRIMARY KEY (`id_artikel`),
  KEY `fk_id_sub` (`id_sub`),
  KEY `fk_nip` (`nip`),
  KEY `fk_id_kategori_artikel_idx` (`id_kategori`),
  CONSTRAINT `fk_id_kategori_artikel` FOREIGN KEY (`id_kategori`) REFERENCES `kategori` (`id_kategori`) ON DELETE NO ACTION ON UPDATE NO ACTION,
  CONSTRAINT `fk_id_sub` FOREIGN KEY (`id_sub`) REFERENCES `sub_kategori` (`id_sub`),
  CONSTRAINT `fk_nip` FOREIGN KEY (`nip`) REFERENCES `employe` (`nip`)
) ENGINE=InnoDB AUTO_INCREMENT=17 DEFAULT CHARSET=utf8;
/*!40101 SET character_set_client = @saved_cs_client */;

--
-- Dumping data for table `artikel`
--

LOCK TABLES `artikel` WRITE;
/*!40000 ALTER TABLE `artikel` DISABLE KEYS */;
INSERT INTO `artikel` VALUES (1,12,112,7,'php test','2015-02-02','<p>fdsfdfdfdf</p><p>dsfsdfsgfs</p>','4','SUDAH','2016-01-18 07:03:43'),(2,11,111,4,'cara cepat bikin kue','2015-12-10','<p>&lt;p&gt;Oke &amp;nbsp;pertama-tama saya perkenalkan diri dahulu, nama saya DANIEL FEBRYANTO judul ini hanya untuk coba-coba saja dan rasanya saya perlu untuk membaca tentang bagaimana cara membuat tulisan yang baik dan benar. dikarenakan masalah pribadi dan maslaah umum saya tidak jadi membuat tulisan ini, mohon maklum....&lt;/p&gt;</p>\r\n\r\n<p>&lt;div id=&quot;tulisan berhadiah&quot; style=&quot;background:#eee;border:1px solid #ccc;padding:5px 10px;&quot;&gt;<br />\r\n&lt;p&gt;Oke &amp;nbsp;pertama-tama saya perkenalkan diri dahulu, nama saya DANIEL FEBRYANTO judul ini hanya untuk coba-coba saja dan rasanya saya perlu untuk membaca tentang bagaimana cara membuat tulisan yang baik dan benar. dikarenakan masalah pribadi dan maslaah umum saya tidak jadi membuat tulisan ini, mohon maklum....Oke &amp;nbsp;pertama-tama saya perkenalkan diri dahulu, nama saya DANIEL FEBRYANTO judul ini hanya untuk coba-coba saja dan rasanya saya perlu untuk membaca tentang bagaimana cara membuat tulisan yang baik dan benar. dikarenakan masalah pribadi dan maslaah umum saya tidak jadi membuat tulisan ini, mohon maklum....Oke &amp;nbsp;pertama-tama saya perkenalkan diri dahulu, nama saya DANIEL FEBRYANTO judul ini hanya untuk coba-coba saja dan rasanya saya perlu untuk membaca tentang bagaimana cara membuat tulisan yang baik dan benar. dikarenakan masalah pribadi dan maslaah umum saya tidak jadi membuat tulisan ini, mohon maklum....Oke &amp;nbsp;pertama-tama saya perkenalkan diri dahulu, nama saya DANIEL FEBRYANTO judul ini hanya untuk coba-coba saja dan rasanya saya perlu untuk membaca tentang bagaimana cara membuat tulisan yang baik dan benar. dikarenakan masalah pribadi dan maslaah umum saya tidak jadi membuat tulisan ini, mohon maklum....Oke &amp;nbsp;pertama-tama saya perkenalkan diri dahulu, nama saya DANIEL FEBRYANTO judul ini hanya untuk coba-coba saja dan rasanya saya perlu untuk membaca tentang bagaimana cara membuat tulisan yang baik dan benar. dikarenakan masalah pribadi dan maslaah umum saya tidak jadi membuat tulisan ini, mohon maklum....&lt;/p&gt;<br />\r\n&lt;/div&gt;</p>\r\n\r\n<p>&lt;p&gt;Oke &amp;nbsp;pertama-tama saya perkenalkan diri dahulu, nama saya DANIEL FEBRYANTO judul ini hanya untuk coba-coba saja dan rasanya saya perlu untuk membaca tentang bagaimana cara membuat tulisan yang baik dan benar. dikarenakan masalah pribadi dan maslaah umum saya tidak jadi membuat tulisan ini, mohon maklum....Oke &amp;nbsp;pertama-tama saya perkenalkan diri dahulu, nama saya DANIEL FEBRYANTO judul ini hanya untuk coba-coba saja dan rasanya saya perlu untuk membaca tentang bagaimana cara membuat tulisan yang baik dan benar. dikarenakan masalah pribadi dan maslaah umum saya tidak jadi membuat tulisan ini, mohon maklum....Oke &amp;nbsp;pertama-tama saya perkenalkan diri dahulu, nama saya DANIEL FEBRYANTO judul ini hanya untuk coba-coba saja dan rasanya saya perlu untuk membaca tentang bagaimana cara membuat tulisan yang baik dan benar. dikarenakan masalah pribadi dan maslaah umum saya tidak jadi membuat tulisan ini, mohon maklum....Oke &amp;nbsp;pertama-tama saya perkenalkan diri dahulu, nama saya DANIEL FEBRYANTO judul ini hanya untuk coba-coba saja dan rasanya saya perlu untuk membaca tentang bagaimana cara membuat tulisan yang baik dan benar. dikarenakan masalah pribadi dan maslaah umum saya tidak jadi membuat tulisan ini, mohon maklum....&amp;nbsp;&lt;/p&gt;</p>\r\n\r\n<p>&lt;div style=&quot;background:#eee;border:1px solid #ccc;padding:5px 10px;&quot;&gt;<br />\r\n&lt;p&gt;Oke &amp;nbsp;pertama-tama saya perkenalkan diri dahulu, nama saya DANIEL FEBRYANTO judul ini hanya untuk coba-coba saja dan rasanya saya perlu untuk membaca tentang bagaimana cara membuat tulisan yang baik dan benar. dikarenakan masalah pribadi dan maslaah umum saya tidak jadi membuat tulisan ini, mohon maklum....Oke &amp;nbsp;pertama-tama saya perkenalkan diri dahulu, nama saya DANIEL FEBRYANTO judul ini hanya untuk coba-coba saja dan rasanya saya perlu untuk membaca tentang bagaimana cara membuat tulisan yang baik dan benar. dikarenakan masalah pribadi dan maslaah umum saya tidak jadi membuat tulisan ini, mohon maklum....Oke &amp;nbsp;pertama-tama saya perkenalkan diri dahulu, nama saya DANIEL FEBRYANTO judul ini hanya untuk coba-coba saja dan rasanya saya perlu untuk membaca tentang bagaimana cara membuat tulisan yang baik dan benar. dikarenakan masalah pribadi dan maslaah umum saya tidak jadi membuat tulisan ini, mohon maklum....Oke &amp;nbsp;pertama-tama saya perkenalkan diri dahulu, nama saya DANIEL FEBRYANTO judul ini hanya untuk coba-coba saja dan rasanya saya perlu untuk membaca tentang bagaimana cara membuat tulisan yang baik dan benar. dikarenakan masalah pribadi dan maslaah umum saya tidak jadi membuat tulisan ini, mohon maklum....Oke &amp;nbsp;pertama-tama saya perkenalkan diri dahulu, nama saya DANIEL FEBRYANTO judul ini hanya untuk coba-coba saja dan rasanya saya perlu untuk membaca tentang bagaimana cara membuat tulisan yang baik dan benar. dikarenakan masalah pribadi dan maslaah umum saya tidak jadi membuat tulisan ini, mohon maklum....&amp;nbsp;&lt;/p&gt;<br />\r\n&lt;/div&gt;</p>\r\n\r\n<p>&lt;p&gt;&amp;nbsp;Oke &amp;nbsp;pertama-tama saya perkenalkan diri dahulu, nama saya DANIEL FEBRYANTO judul ini hanya untuk coba-coba saja dan rasanya saya perlu untuk membaca tentang bagaimana cara membuat tulisan yang baik dan benar. dikarenakan masalah pribadi dan maslaah umum saya tidak jadi membuat tulisan ini, mohon maklum....Oke &amp;nbsp;pertama-tama saya perkenalkan diri dahulu, nama saya DANIEL FEBRYANTO judul ini hanya untuk coba-coba saja dan rasanya saya perlu untuk membaca tentang bagaimana cara membuat tulisan yang baik dan benar. dikarenakan masalah pribadi dan maslaah umum saya tidak jadi membuat tulisan ini, mohon maklum....Oke &amp;nbsp;pertama-tama saya perkenalkan diri dahulu, nama saya DANIEL FEBRYANTO judul ini hanya untuk coba-coba saja dan rasanya saya perlu untuk membaca tentang bagaimana cara membuat tulisan yang baik dan benar. dikarenakan masalah pribadi dan maslaah umum saya tidak jadi membuat tulisan ini, mohon maklum....Oke &amp;nbsp;pertama-tama saya perkenalkan diri dahulu, nama saya DANIEL FEBRYANTO judul ini hanya untuk coba-coba saja dan rasanya saya perlu untuk membaca tentang bagaimana cara membuat tulisan yang baik dan benar. dikarenakan masalah pribadi dan maslaah umum saya tidak jadi membuat tulisan ini, mohon maklum....Oke &amp;nbsp;pertama-tama saya perkenalkan diri dahulu, nama saya DANIEL FEBRYANTO judul ini hanya untuk coba-coba saja dan rasanya saya perlu untuk membaca tentang bagaimana cara membuat tulisan yang baik dan benar. dikarenakan masalah pribadi dan maslaah umum saya tidak jadi membuat tulisan ini, mohon maklum....&lt;/p&gt;</p>\r\n\r\n<p>&lt;div style=&quot;background:#eee;border:1px solid #ccc;padding:5px 10px;&quot;&gt;<br />\r\n&lt;p&gt;Oke &amp;nbsp;pertama-tama saya perkenalkan diri dahulu, nama saya DANIEL FEBRYANTO judul ini hanya untuk coba-coba saja dan rasanya saya perlu untuk membaca tentang bagaimana cara membuat tulisan yang baik dan benar. dikarenakan masalah pribadi dan maslaah umum saya tidak jadi membuat tulisan ini, mohon maklum....Oke &amp;nbsp;pertama-tama saya perkenalkan diri dahulu, nama saya DANIEL FEBRYANTO judul ini hanya untuk coba-coba saja dan rasanya saya perlu untuk membaca tentang bagaimana cara membuat tulisan yang baik dan benar. dikarenakan masalah pribadi dan maslaah umum saya tidak jadi membuat tulisan ini, mohon maklum....Oke &amp;nbsp;pertama-tama saya perkenalkan diri dahulu, nama saya DANIEL FEBRYANTO judul ini hanya untuk coba-coba saja dan rasanya saya perlu untuk membaca tentang bagaimana cara membuat tulisan yang baik dan benar. dikarenakan masalah pribadi dan maslaah umum saya tidak jadi membuat tulisan ini, mohon maklum....Oke &amp;nbsp;pertama-tama saya perkenalkan diri dahulu, nama saya DANIEL FEBRYANTO judul ini hanya untuk coba-coba saja dan rasanya saya perlu untuk membaca tentang bagaimana cara membuat tulisan yang baik dan benar. dikarenakan masalah pribadi dan maslaah umum saya tidak jadi membuat tulisan ini, mohon maklum....Oke &amp;nbsp;pertama-tama saya perkenalkan diri dahulu, nama saya DANIEL FEBRYANTO judul ini hanya untuk coba-coba saja dan rasanya saya perlu untuk membaca tentang bagaimana cara membuat tulisan yang baik dan benar. dikarenakan masalah pribadi dan maslaah umum saya tidak jadi membuat tulisan ini, mohon maklum....&lt;/p&gt;<br />\r\n&lt;/div&gt;</p>\r\n','1','SUDAH','2016-01-15 10:29:34'),(3,12,114,4,'test id id','2015-12-15','<p>Helo semua, danilo Pernando Experimto kembali bertemu anda semua..</p>\r \r <p>okeh langsung mulai..</p>\r \r <p>Lorem ipsum dolor sit amet, vix in quot scriptorem, pro at numquam accusam. Alii legendos nam ea, sit in porro graeci. Esse ullum debet cu per. His assum sonet ut.</p>\r \r <p>Sea inani molestiae forensibus et, eos id noluisse legendos. Ad vis electram consequuntur, his ad periculis rationibus. Unum primis adversarium ei est, an has ancillae suavitate. Duo ad amet purto eloquentiam, mel an bonorum conclusionemque, at purto illud propriae sea. Ius debet menandri ad. Velit quaestio eam et, nam enim dissentiunt voluptatibus ea. An saperet accusamus inciderint has, putent elaboraret scriptorem his an.</p>\r \r <p><pre class=\"php\"  name=\"code\" rows=\"40\">&lt;?php if ( ! defined(&#39;BASEPATH&#39;)) exit(&#39;No direct script access allowed&#39;);\r \r class Test extends CI_Controller {\r     function __construct(){\r         parent::__construct();\r         $this-&gt;load-&gt;model(&#39;test_model&#39;);\r         $this-&gt;load-&gt;library(&#39;template&#39;);\r     }\r     function index(){\r         $this-&gt;template-&gt;display_backEnd(&#39;jurnalis&#39;);\r     }\r     \r     function load_data(){\r         $data[&#39;judul&#39;]=&#39;load data jurnalis&#39;;\r         $hasil=$this-&gt;db-&gt;get_where(&#39;artikel&#39;,array(&#39;id_artikel&#39;=&gt;&#39;2&#39;));\r         \r        \r         $data[&#39;all&#39;]=&#39;&#39;;\r         foreach($hasil-&gt;result_array() as $row){\r     \r         $data[&#39;all&#39;] .=&#39;&#39;.$row[&#39;artikel&#39;].&#39;&#39;;\r     \r         }\r             \r             $this-&gt;template-&gt;display_frontEnd(&#39;testtext&#39;,$data);\r     }\r }</pre></p>\r ','1','SUDAH','2015-12-29 09:50:10'),(4,11,111,4,'test lagi','2015-12-15','<p>Lorem ipsum dolor sit amet, vix in quot scriptorem, pro at numquam accusam. Alii legendos nam ea, sit in porro graeci. Esse ullum debet cu per. His assum sonet ut.</p>\r\n\r\n<p>Sea inani molestiae forensibus et, eos id noluisse legendos. Ad vis electram consequuntur, his ad periculis rationibus. Unum primis adversarium ei est, an has ancillae suavitate. Duo ad amet purto eloquentiam, mel an bonorum conclusionemque, at purto illud propriae sea. Ius debet menandri ad. Velit quaestio eam et, nam enim dissentiunt voluptatibus ea. An saperet accusamus inciderint has, putent elaboraret scriptorem his an.</p>\r\n\r\n<h2>inciderint has, putent elaboraret scriptorem his an</h2>\r\n\r\n<h3>inciderint has, putent elaboraret scriptorem his an</h3>\r\n\r\n<h4>inciderint has, putent elaboraret scriptorem his an</h4>\r\n\r\n<h5>inciderint has, putent elaboraret scriptorem his an</h5>\r\n\r\n<h6>inciderint has, putent elaboraret scriptorem his an</h6>\r\n\r\n<p>Id eos purto repudiare. Usu in numquam vocibus reprimique. Nam id dolor vidisse. Id etiam denique tacimates qui, eam porro voluptaria ne. Copiosae consetetur et vix, vis te nihil integre labores.</p>\r\n\r\n<p>Eum graeci legimus at, ea altera molestie usu. No salutandi scribentur nam, legere altera eruditi cu vis. Ius ex dolor soleat prompta, at erant deleniti nam, eum magna maluisset eu. Quando doming ornatus vis ex. Ei odio vivendo ius. No graecis honestatis mei, vim postea quaeque cu. Verear convenire efficiendi his at, mea ea amet magna.</p>\r\n\r\n<p>Nec ne vidit dicta, per option nusquam et, vidit splendide cu sed. Et sit accusam adolescens dissentiet, sit et delenit vocibus delectus, ex nam nobis temporibus dissentiunt. Atqui alterum evertitur at eos. Mei ex suas blandit, eos malis iudico platonem ut. Pri te diam oporteat patrioque, vivendo salutandi ea mei.</p>\r\n\r\n<p>&lt;pre name=&quot;code&quot; class=&quot;php&quot;&gt;</p>\r\n\r\n<p>&nbsp;function load_artikel(){<br />\r\n&nbsp; &nbsp; &nbsp; &nbsp; $this-&gt;db-&gt;select(&#39;*&#39;);<br />\r\n&nbsp; &nbsp; &nbsp; &nbsp; $this-&gt;db-&gt;where(&#39;nip&#39;,$this-&gt;session-&gt;userdata(&#39;nip&#39;));<br />\r\n&nbsp; &nbsp; &nbsp; &nbsp; $this-&gt;db-&gt;from(&#39;artikel&#39;);<br />\r\n&nbsp; &nbsp; &nbsp; &nbsp; $this-&gt;db-&gt;join(&#39;kategori&#39;,&#39;artikel.id_kategori=kategori.id_kategori&#39;);<br />\r\n&nbsp; &nbsp; &nbsp; &nbsp; $this-&gt;db-&gt;join(&#39;sub_kategori&#39;,&#39;sub_kategori.id_sub=artikel.id_sub&#39;);<br />\r\n&nbsp; &nbsp; &nbsp; &nbsp; $query=$this-&gt;db-&gt;get(&#39;&#39;);<br />\r\n&nbsp; &nbsp; &nbsp; &nbsp;&nbsp;<br />\r\n&nbsp; &nbsp; &nbsp; &nbsp; //$query=$this-&gt;db-&gt;get_where(&#39;artikel&#39;,array(&#39;nip&#39;=&gt;$this-&gt;session-&gt;userdata(&#39;nip&#39;)));<br />\r\n&nbsp; &nbsp; &nbsp; &nbsp;&nbsp;<br />\r\n&nbsp; &nbsp; &nbsp; &nbsp; if($query-&gt;num_rows() &gt; 0){<br />\r\n&nbsp; &nbsp; &nbsp; &nbsp; &nbsp; &nbsp;&nbsp;<br />\r\n&nbsp; &nbsp; &nbsp; &nbsp; } //end if($query)<br />\r\n&nbsp; &nbsp; &nbsp; &nbsp; return $query-&gt;result();<br />\r\n&nbsp; &nbsp; }<br />\r\n&nbsp; &nbsp;&nbsp;<br />\r\n&nbsp; &nbsp; function get_chart(){<br />\r\n&nbsp; &nbsp; &nbsp; &nbsp; $this-&gt;db-&gt;select(&#39;*&#39;);<br />\r\n&nbsp; &nbsp; &nbsp; &nbsp; $this-&gt;db-&gt;like(&#39;tanggal&#39;,&#39;2013-&#39;);<br />\r\n&nbsp; &nbsp; &nbsp; &nbsp; $this-&gt;db-&gt;order_by(&#39;tanggal&#39;,&#39;asc&#39;);<br />\r\n&nbsp; &nbsp; &nbsp; &nbsp; return $this-&gt;db-&gt;get(&#39;tbl_pendapatan&#39;);<br />\r\n&nbsp; &nbsp; }<br />\r\n&nbsp; &nbsp; function get_chart2(){<br />\r\n&nbsp; &nbsp; &nbsp; &nbsp; $sql=&quot;SELECT COUNT(id_artikel) from artikel where verifikasi=&#39;BELUM&#39; &quot;;<br />\r\n&nbsp; &nbsp; &nbsp; &nbsp; $query=$this-&gt;db-&gt;query($sql);<br />\r\n&nbsp; &nbsp; &nbsp; &nbsp; return $query-&gt;num_rows();<br />\r\n&nbsp; &nbsp; }<br />\r\n&nbsp; &nbsp; function get_user_profile(){<br />\r\n&nbsp; &nbsp; &nbsp; &nbsp; $query=$this-&gt;db-&gt;get_where(&#39;employe&#39;,array(&#39;nip&#39;=&gt;$this-&gt;session-&gt;userdata(&#39;nip&#39;)));<br />\r\n&nbsp; &nbsp; &nbsp; &nbsp; return $query-&gt;result_array();<br />\r\n&nbsp; &nbsp; }<br />\r\n&nbsp; &nbsp;&nbsp;<br />\r\n&nbsp; &nbsp; function update_picture($name,$type){<br />\r\n&nbsp; &nbsp; &nbsp; &nbsp; if($type==&#39;image/jpeg&#39;){<br />\r\n&nbsp; &nbsp; &nbsp; &nbsp; &nbsp; &nbsp; $ext=&#39;.jpg&#39;;<br />\r\n&nbsp; &nbsp; &nbsp; &nbsp; }else{<br />\r\n&nbsp; &nbsp; &nbsp; &nbsp; $ext_get=explode(&quot;/&quot;,$type);<br />\r\n&nbsp; &nbsp; &nbsp; &nbsp; $ext=&quot;.$ext_get[1]&quot;;<br />\r\n&nbsp; &nbsp; &nbsp; &nbsp; }<br />\r\n&nbsp; &nbsp; &nbsp; &nbsp; $rename_image=array(&#39;pic&#39;=&gt;$name.$ext);<br />\r\n&nbsp; &nbsp; &nbsp; &nbsp; $this-&gt;db-&gt;where(&#39;nip&#39;,$this-&gt;session-&gt;userdata(&#39;nip&#39;));<br />\r\n&nbsp; &nbsp; &nbsp; &nbsp; $this-&gt;db-&gt;update(&#39;employe&#39;,$rename_image);<br />\r\n&nbsp; &nbsp; &nbsp; &nbsp; return;<br />\r\n&nbsp; &nbsp; }<br />\r\n&nbsp; &nbsp; function update_user_profile(){<br />\r\n&nbsp; &nbsp; &nbsp; &nbsp; $update_array=array(<br />\r\n&nbsp; &nbsp; &nbsp; &nbsp; &nbsp; &nbsp; &#39;nama_depan&#39;=&gt;$this-&gt;input-&gt;post(&#39;first_name&#39;),<br />\r\n&nbsp; &nbsp; &nbsp; &nbsp; &nbsp; &nbsp; &#39;nama_belakang&#39;=&gt;$this-&gt;input-&gt;post(&#39;last_name&#39;),<br />\r\n&nbsp; &nbsp; &nbsp; &nbsp; &nbsp; &nbsp; &#39;email&#39;=&gt;$this-&gt;input-&gt;post(&#39;email&#39;),<br />\r\n&nbsp; &nbsp; &nbsp; &nbsp; &nbsp; &nbsp; &#39;contact&#39;=&gt;$this-&gt;input-&gt;post(&#39;contact&#39;),<br />\r\n&nbsp; &nbsp; &nbsp; &nbsp; &nbsp; &nbsp; &#39;dob&#39;=&gt;$this-&gt;input-&gt;post(&#39;dob&#39;)<br />\r\n&nbsp; &nbsp; &nbsp; &nbsp; );<br />\r\n&nbsp; &nbsp; &nbsp; &nbsp; $this-&gt;db-&gt;where(&#39;nip&#39;,$this-&gt;session-&gt;userdata(&#39;nip&#39;));<br />\r\n&nbsp; &nbsp; &nbsp; &nbsp; $update_pro=$this-&gt;db-&gt;update(&#39;employe&#39;,$update_array);<br />\r\n&nbsp; &nbsp; &nbsp; &nbsp; if($update_pro){<br />\r\n&nbsp; &nbsp; &nbsp; &nbsp; &nbsp; &nbsp; $this-&gt;session-&gt;set_flashdata(&#39;sukses&#39;,&#39;Data Pribadi Telah Berhasil Diperbaharui!&#39;);<br />\r\n&nbsp; &nbsp; &nbsp; &nbsp; }else{<br />\r\n&nbsp; &nbsp; &nbsp; &nbsp; $this-&gt;session-&gt;set_flashdata(&#39;error&#39;,&#39;Gagal sepertinya ada kesalahan&#39;);<br />\r\n&nbsp; &nbsp; &nbsp; &nbsp; }<br />\r\n&nbsp; &nbsp; &nbsp; &nbsp; return;<br />\r\n&nbsp; &nbsp; }<br />\r\n&nbsp; &nbsp; &nbsp; &nbsp;&nbsp;<br />\r\n}</p>\r\n\r\n<p>&lt;/pre&gt;</p>\r\n','1','SUDAH','2015-12-29 10:10:44'),(6,11,111,4,'test id id  asd','2015-12-16','<pre class=\"php\" name=\"code\">\r ddipofjisfgp\r </pre>','2','SUDAH','2016-01-17 16:15:32'),(7,12,114,4,'etdah','2015-12-16','<textarea name=\"code\">\r<code>  ddiposfdgrjgifjgp09gusdf09gufjisfgp\r  </code></textarea>','5','SUDAH','2016-01-18 06:52:51'),(8,12,114,4,'adhe anjing','2015-12-16','<p>&nbsp;ini test berjalan</p>\r\n\r\n<div style=\"background:#eee;border:1px solid #ccc;padding:5px 10px;\">\r\n<p>&lt;?php if ( ! defined(&#39;BASEPATH&#39;)) exit(&#39;No direct script access allowed&#39;);</p>\r\n\r\n<p>class Test extends CI_Controller {<br />\r\n&nbsp; &nbsp; function __construct(){<br />\r\n&nbsp; &nbsp; &nbsp; &nbsp; parent::__construct();<br />\r\n&nbsp; &nbsp; &nbsp; &nbsp; $this-&gt;load-&gt;model(&#39;test_model&#39;);<br />\r\n&nbsp; &nbsp; &nbsp; &nbsp; $this-&gt;load-&gt;library(&#39;template&#39;);<br />\r\n&nbsp; &nbsp; }<br />\r\n&nbsp; &nbsp; function index(){<br />\r\n&nbsp; &nbsp; &nbsp; &nbsp; $this-&gt;template-&gt;display_backEnd(&#39;jurnalis&#39;);<br />\r\n&nbsp; &nbsp; }<br />\r\n&nbsp; &nbsp;&nbsp;<br />\r\n&nbsp; &nbsp; function load_data(){<br />\r\n&nbsp; &nbsp; &nbsp; &nbsp; $data[&#39;judul&#39;]=&#39;load data jurnalis&#39;;<br />\r\n&nbsp; &nbsp; &nbsp; &nbsp; $hasil=$this-&gt;db-&gt;get_where(&#39;artikel&#39;,array(&#39;id_artikel&#39;=&gt;&#39;7&#39;));<br />\r\n&nbsp; &nbsp; &nbsp; &nbsp;&nbsp;<br />\r\n&nbsp; &nbsp; &nbsp; &nbsp;<br />\r\n&nbsp; &nbsp; &nbsp; &nbsp; $data[&#39;all&#39;]=&#39;&#39;;<br />\r\n&nbsp; &nbsp; &nbsp; &nbsp; foreach($hasil-&gt;result_array() as $row){<br />\r\n&nbsp; &nbsp;&nbsp;<br />\r\n&nbsp; &nbsp; &nbsp; &nbsp; $data[&#39;all&#39;] .=&#39;&#39;.$row[&#39;artikel&#39;].&#39;&#39;;<br />\r\n&nbsp; &nbsp;&nbsp;<br />\r\n&nbsp; &nbsp; &nbsp; &nbsp; }<br />\r\n&nbsp; &nbsp; &nbsp; &nbsp; &nbsp; &nbsp;&nbsp;<br />\r\n&nbsp; &nbsp; &nbsp; &nbsp; &nbsp; &nbsp; $this-&gt;template-&gt;display_frontEnd(&#39;testtext&#39;,$data);<br />\r\n&nbsp; &nbsp; }<br />\r\n}</p>\r\n</div>\r\n','3','SUDAH','2016-01-18 07:02:15'),(10,12,112,4,'test drive','2015-12-17','<p><span style=\"font-size:14px\">Lorem ipsum dolor sit amet, vix in quot scriptorem, pro at numquam accusam. Alii legendos nam ea, sit in porro graeci. Esse ullum debet cu per. His assum sonet ut.</span></p>\r\n\r\n<p><span style=\"font-size:14px\">Sea inani molestiae forensibus et, eos id noluisse legendos. Ad vis electram consequuntur, his ad periculis rationibus. Unum primis adversarium ei est, an has ancillae suavitate. Duo ad amet purto eloquentiam, mel an bonorum conclusionemque, at purto illud propriae sea. Ius debet menandri ad. Velit quaestio eam et, nam enim dissentiunt voluptatibus ea. An saperet accusamus inciderint has, putent elaboraret scriptorem his an.</span></p>\r\n\r\n<h2><span style=\"font-size:14px\">inciderint has, putent elaboraret scriptorem his an</span></h2>\r\n\r\n<h3><span style=\"font-size:14px\">inciderint has, putent elaboraret scriptorem his an</span></h3>\r\n\r\n<h4><span style=\"font-size:14px\">inciderint has, putent elaboraret scriptorem his an</span></h4>\r\n\r\n<h5><span style=\"font-size:14px\">inciderint has, putent elaboraret scriptorem his an</span></h5>\r\n\r\n<h6><span style=\"font-size:14px\">inciderint has, putent elaboraret scriptorem his an</span></h6>\r\n\r\n<p><span style=\"font-size:14px\">Id eos purto repudiare. Usu in numquam vocibus reprimique. Nam id dolor vidisse. Id etiam denique tacimates qui, eam porro voluptaria ne. Copiosae consetetur et vix, vis te nihil integre labores.</span></p>\r\n\r\n<p><span style=\"font-size:14px\">Eum graeci legimus at, ea altera molestie usu. No salutandi scribentur nam, legere altera eruditi cu vis. Ius ex dolor soleat prompta, at erant deleniti nam, eum magna maluisset eu. Quando doming ornatus vis ex. Ei odio vivendo ius. No graecis honestatis mei, vim postea quaeque cu. Verear convenire efficiendi his at, mea ea amet magna.</span></p>\r\n\r\n<p><span style=\"font-size:14px\">Nec ne vidit dicta, per option nusquam et, vidit splendide cu sed. Et sit accusam adolescens dissentiet, sit et delenit vocibus delectus, ex nam nobis temporibus dissentiunt. Atqui alterum evertitur at eos. Mei ex suas blandit, eos malis iudico platonem ut. Pri te diam oporteat patrioque, vivendo salutandi ea mei.</span></p>\r\n\r\n<div style=\"background:#eee;border:1px solid #ccc;padding:5px 10px;\">\r\n<p>function update_profile(){<br />\r\n&nbsp; &nbsp; &nbsp; &nbsp; $this-&gt;jurnalis_model-&gt;update_user_profile();<br />\r\n&nbsp; &nbsp; &nbsp; &nbsp; redirect(&#39;jurnalis/profile&#39;);<br />\r\n&nbsp; &nbsp; }<br />\r\n&nbsp; &nbsp; function artikel_form(){<br />\r\n&nbsp; &nbsp; &nbsp; &nbsp; $get_kategori=$this-&gt;db-&gt;get(&#39;kategori&#39;);<br />\r\n&nbsp; &nbsp; &nbsp; &nbsp; $data=$this-&gt;check();<br />\r\n&nbsp; &nbsp; &nbsp; &nbsp; $data[&#39;title&#39;]=&#39;Form Artikel | Jurnalis&#39;;<br />\r\n&nbsp; &nbsp; &nbsp; &nbsp; $data[&#39;kategori&#39;]=$this-&gt;jurnalis_model-&gt;ambil_kategori();<br />\r\n&nbsp; &nbsp; &nbsp; &nbsp;&nbsp;<br />\r\n&nbsp; &nbsp; &nbsp; &nbsp; $this-&gt;template-&gt;display_jurnalis(&#39;jurnalis/form_artikel&#39;,$data);<br />\r\n&nbsp; &nbsp; }<br />\r\n&nbsp; &nbsp;&nbsp;<br />\r\n&nbsp; &nbsp; function pilih_sub_kategori(){<br />\r\n&nbsp;&nbsp; &nbsp;&nbsp;&nbsp; &nbsp;$data[&#39;sub_kategori&#39;]=$this-&gt;jurnalis_model-&gt;ambil_sub_kategori($this-&gt;uri-&gt;segment(3));<br />\r\n&nbsp;&nbsp; &nbsp;&nbsp;&nbsp; &nbsp;$this-&gt;load-&gt;view(&#39;jurnalis/drop_down_sub_kat&#39;,$data);<br />\r\n&nbsp;&nbsp; &nbsp;}<br />\r\n&nbsp; &nbsp; function preview_artikel(){<br />\r\n&nbsp; &nbsp; &nbsp; &nbsp; $query=$this-&gt;jurnalis_artikel-&gt;setup_preview();<br />\r\n&nbsp; &nbsp; &nbsp; &nbsp; $this-&gt;template-&gt;display_frontEnd(&#39;test_artikel&#39;);<br />\r\n&nbsp; &nbsp; }<br />\r\n&nbsp; &nbsp;function masukan_artikel(){<br />\r\n&nbsp; &nbsp; &nbsp; &nbsp;$query=$this-&gt;jurnalis_model-&gt;model_masukan_artikel();<br />\r\n&nbsp; &nbsp; &nbsp; &nbsp;if($query){<br />\r\n&nbsp; &nbsp; &nbsp; &nbsp;redirect(&#39;jurnalis/artikel_saya&#39;);<br />\r\n&nbsp; &nbsp; &nbsp; &nbsp;}else{<br />\r\n&nbsp; &nbsp; &nbsp; &nbsp; &nbsp; &nbsp;redirect(&#39;jurnalis/artikel_form&#39;);<br />\r\n&nbsp; &nbsp; &nbsp; &nbsp;}<br />\r\n&nbsp; &nbsp;}</p>\r\n</div>\r\n\r\n<p>ok semoga membantu. dfjsndfijsdnfisdnf</p>\r\n\r\n<p><img alt=\"test\" src=\"http://127.0.0.1/ci_pagpug/images/user.png\" style=\"height:200px; width:200px\" /></p>\r\n','3','SUDAH','2016-01-18 06:58:46'),(11,12,118,4,'test approval','2015-12-28','<p>&lt;?php if ( ! defined(&#39;BASEPATH&#39;)) exit(&#39;No direct script access allowed&#39;);<br />\r\n/*<br />\r\nBLOCK USER AUTH;<br />\r\nBLOCK EMPLOYE ;<br />\r\nBLOCK KATEGORI ;<br />\r\nBLOCK JURNALIS ;<br />\r\nBLOCK ARTIKEL ;<br />\r\n*/<br />\r\nclass Admin extends CI_Controller {<br />\r\n&nbsp; &nbsp; function __construct(){<br />\r\n&nbsp; &nbsp; &nbsp; &nbsp; parent::__construct();<br />\r\n&nbsp; &nbsp; &nbsp; &nbsp; $this-&gt;load-&gt;library(&#39;template&#39;);<br />\r\n&nbsp; &nbsp; &nbsp; &nbsp; $this-&gt;load-&gt;model(&#39;admin_model&#39;);<br />\r\n&nbsp; &nbsp; }<br />\r\n/*///////////////////////////////////////////////////////////////////////////////////////////////////////////////////////////////////////////////<br />\r\n///////////////////////// &nbsp; &nbsp; &nbsp; &nbsp; &nbsp; &nbsp; &nbsp; &nbsp; &nbsp; &nbsp; &nbsp; &nbsp; &nbsp; &nbsp; &nbsp; &nbsp; &nbsp; &nbsp; &nbsp;BLOCK USER AUTH &nbsp; &nbsp; &nbsp; &nbsp; &nbsp; &nbsp; &nbsp; &nbsp; &nbsp; &nbsp; &nbsp; &nbsp; &nbsp; &nbsp; &nbsp; &nbsp; &nbsp; &nbsp; &nbsp; &nbsp; &nbsp;/////////////////////////<br />\r\n///////////////////////////////////////////////////////////////////////////////////////////////////////////////////////////////////////////////*/<br />\r\n&nbsp; &nbsp; function index(){<br />\r\n&nbsp; &nbsp; &nbsp; &nbsp; redirect(&#39;admin/home&#39;);<br />\r\n&nbsp; &nbsp; }<br />\r\n&nbsp; &nbsp; function asd(){<br />\r\n&nbsp; &nbsp; &nbsp; &nbsp; $this-&gt;template-&gt;display_backEnd(&#39;admin/home&#39;);<br />\r\n&nbsp; &nbsp; }<br />\r\n&nbsp; &nbsp; function home(){<br />\r\n&nbsp; &nbsp; &nbsp; &nbsp; $data=$this-&gt;admin_check();<br />\r\n&nbsp; &nbsp; &nbsp; &nbsp; $data[&#39;subTitle&#39;]=&#39; Home &#39;;<br />\r\n&nbsp; &nbsp; &nbsp; &nbsp; $data[&#39;title&#39;]=&#39;Admin | Home&#39;;<br />\r\n&nbsp; &nbsp; &nbsp; &nbsp; $data[&#39;content&#39;]=&#39;Mari Berkarya Lagi&#39;;<br />\r\n&nbsp; &nbsp; &nbsp; &nbsp; $this-&gt;template-&gt;display_backend(&#39;admin/home&#39;,$data);<br />\r\n&nbsp; &nbsp; }</p>\r\n','18','SUDAH','2016-01-17 17:36:33'),(12,13,117,4,'cara cepat bikin anak','2015-12-29','<div style=\"background:#eee;border:1px solid #ccc;padding:5px 10px;\">\r\n<p>function do_upload(){<br />\r\n&nbsp; &nbsp; &nbsp; &nbsp; $this-&gt;load-&gt;library(&#39;encryption&#39;);<br />\r\n&nbsp; &nbsp; &nbsp; &nbsp;&nbsp;<br />\r\n&nbsp; &nbsp; &nbsp;$config = &nbsp;array(<br />\r\n&nbsp; &nbsp; &nbsp; &nbsp; &nbsp; &nbsp; &nbsp; &nbsp; &nbsp; &#39;file_name&#39; =&gt; $this-&gt;session-&gt;userdata(&#39;nip&#39;),<br />\r\n&nbsp; &nbsp; &nbsp; &nbsp; &nbsp; &nbsp; &nbsp; &nbsp; &nbsp; &#39;upload_path&#39; &nbsp; &nbsp; =&gt; &quot;./backend_images/&quot;,<br />\r\n&nbsp; &nbsp; &nbsp; &nbsp; &nbsp; &nbsp; &nbsp; &nbsp; &nbsp; &#39;allowed_types&#39; &nbsp; =&gt; &quot;gif|jpg|png|jpeg|pdf&quot;,<br />\r\n&nbsp; &nbsp; &nbsp; &nbsp; &nbsp; &nbsp; &nbsp; &nbsp; &nbsp; &#39;overwrite&#39; &nbsp; &nbsp; &nbsp; =&gt; TRUE,<br />\r\n&nbsp; &nbsp; &nbsp; &nbsp; &nbsp; &nbsp; &nbsp; &nbsp; &nbsp; &#39;max_size&#39; &nbsp; &nbsp; &nbsp; &nbsp;=&gt; &quot;0&quot;, &nbsp;// Can be set to particular file size<br />\r\n&nbsp; &nbsp; &nbsp; &nbsp; &nbsp; &nbsp; &nbsp; &nbsp; &nbsp; &#39;max_height&#39; &nbsp; &nbsp; &nbsp;=&gt; &quot;0&quot;,<br />\r\n&nbsp; &nbsp; &nbsp; &nbsp; &nbsp; &nbsp; &nbsp; &nbsp; &nbsp; &#39;remove_spaces&#39; &nbsp; =&gt; false,<br />\r\n&nbsp; &nbsp; &nbsp; &nbsp; &nbsp; &nbsp; &nbsp; &nbsp; &nbsp; &#39;max_width&#39; &nbsp; &nbsp; &nbsp; =&gt;&quot;0&quot;<br />\r\n&nbsp; &nbsp; &nbsp; &nbsp; &nbsp; &nbsp; &nbsp; &nbsp; );&nbsp;<br />\r\n&nbsp; &nbsp; &nbsp; &nbsp;&nbsp;<br />\r\n&nbsp;&nbsp; &nbsp;&nbsp;&nbsp; &nbsp;&nbsp;&nbsp; &nbsp;&nbsp;&nbsp; &nbsp;$this-&gt;load-&gt;library(&#39;upload&#39;, $config);<br />\r\n&nbsp;&nbsp; &nbsp;&nbsp;&nbsp; &nbsp;&nbsp;&nbsp; &nbsp;&nbsp;&nbsp; &nbsp;if($this-&gt;upload-&gt;do_upload(gambar)){<br />\r\n&nbsp; &nbsp; &nbsp; &nbsp; &nbsp; &nbsp; &nbsp; &nbsp; &nbsp; // &nbsp;$this-&gt;session-&gt;unset_userdata(&#39;pic&#39;);<br />\r\n&nbsp; &nbsp; &nbsp; &nbsp; &nbsp; &nbsp; &nbsp; &nbsp; &nbsp; &nbsp; $name=$config[&#39;file_name&#39;];<br />\r\n&nbsp; &nbsp; &nbsp; &nbsp; &nbsp; &nbsp; &nbsp; &nbsp; &nbsp; &nbsp; $type=$_FILES[&#39;gambar&#39;][&#39;type&#39;];<br />\r\n&nbsp;&nbsp; &nbsp;&nbsp;&nbsp; &nbsp;&nbsp;&nbsp; &nbsp;&nbsp;&nbsp; &nbsp;&nbsp;&nbsp; &nbsp;$this-&gt;jurnalis_model-&gt;update_picture($name,$type);<br />\r\n&nbsp; &nbsp; &nbsp; &nbsp; &nbsp; &nbsp; &nbsp; &nbsp; &nbsp; &nbsp; $this-&gt;session-&gt;set_flashdata(&#39;sukses&#39;,&#39;Profile Picture telah berhasil di update&#39;);<br />\r\n&nbsp; &nbsp; &nbsp; &nbsp; &nbsp; &nbsp; &nbsp; &nbsp; &nbsp; &nbsp; $this-&gt;check();<br />\r\n&nbsp;&nbsp; &nbsp;&nbsp;&nbsp; &nbsp;&nbsp;&nbsp; &nbsp;&nbsp;&nbsp; &nbsp;&nbsp;&nbsp; &nbsp;redirect(&#39;jurnalis/profile&#39;,$data);<br />\r\n&nbsp;&nbsp; &nbsp;&nbsp;&nbsp; &nbsp;&nbsp;&nbsp; &nbsp;&nbsp;&nbsp; &nbsp;}<br />\r\n&nbsp;&nbsp; &nbsp;&nbsp;&nbsp; &nbsp;&nbsp;&nbsp; &nbsp;&nbsp;&nbsp; &nbsp;else<br />\r\n&nbsp;&nbsp; &nbsp;&nbsp;&nbsp; &nbsp;&nbsp;&nbsp; &nbsp;&nbsp;&nbsp; &nbsp;{<br />\r\n&nbsp;&nbsp; &nbsp;&nbsp;&nbsp; &nbsp;&nbsp;&nbsp; &nbsp;&nbsp;&nbsp; &nbsp;$this-&gt;session-&gt;set_flashdata(&#39;error&#39;,&#39;Profile Picture gagal di perbaharui&#39;);<br />\r\n&nbsp;&nbsp; &nbsp;&nbsp;&nbsp; &nbsp;&nbsp;&nbsp; &nbsp;&nbsp;&nbsp; &nbsp;redirect(&#39;jurnalis/profile&#39;, $data);<br />\r\n&nbsp;&nbsp; &nbsp;&nbsp;&nbsp; &nbsp;&nbsp;&nbsp; &nbsp;&nbsp;&nbsp; &nbsp;} &nbsp; &nbsp;<br />\r\n}<br />\r\n&nbsp; &nbsp;<br />\r\n&nbsp; &nbsp; function mail_inbox(){<br />\r\n&nbsp; &nbsp; &nbsp; &nbsp; $data=$this-&gt;check();<br />\r\n&nbsp; &nbsp; &nbsp; &nbsp; $data[&#39;title&#39;]=&#39;Jurnalis | Inbox&#39;;<br />\r\n&nbsp; &nbsp; &nbsp; &nbsp; $this-&gt;template-&gt;display_jurnalis(&#39;jurnalis/inbox.php&#39;,$data);<br />\r\n&nbsp; &nbsp; }</p>\r\n</div>\r\n','0','SUDAH','2016-01-17 07:27:13'),(13,12,115,4,'test notif','2015-12-29','<div style=\"background:#eee;border:1px solid #ccc;padding:5px 10px;\">\r\n<p>function notif($notif_from,$notif_to, $subject, $message){<br />\r\n&nbsp; &nbsp; &nbsp; &nbsp; $notif_value=array(<br />\r\n&nbsp; &nbsp; &nbsp; &nbsp; &nbsp; &nbsp; &#39;notif_from&#39;=&gt;$notif_from,<br />\r\n&nbsp; &nbsp; &nbsp; &nbsp; &nbsp; &nbsp; &#39;notif-to&#39;=&gt;$notif_to,<br />\r\n&nbsp; &nbsp; &nbsp; &nbsp; &nbsp; &nbsp; &#39;subject&#39;=&gt;$subject,<br />\r\n&nbsp; &nbsp; &nbsp; &nbsp; &nbsp; &nbsp; &#39;message&#39;=&gt;$message,<br />\r\n&nbsp; &nbsp; &nbsp; &nbsp; &nbsp; &nbsp; &#39;viewed&#39;=&gt;&#39;0&#39;<br />\r\n&nbsp; &nbsp; &nbsp; &nbsp; );<br />\r\n&nbsp; &nbsp; &nbsp; &nbsp; $insert_notif=$this-&gt;db-&gt;insert(&#39;notif&#39;,$notif_value);<br />\r\n&nbsp; &nbsp; &nbsp; &nbsp; return;<br />\r\n&nbsp; &nbsp; }<br />\r\n&nbsp; &nbsp; function model_masukan_artikel(){<br />\r\n&nbsp; &nbsp; &nbsp; &nbsp; /*&nbsp;<br />\r\n&nbsp; &nbsp; &nbsp; &nbsp; &nbsp; &nbsp; id_artikel &nbsp;_AI<br />\r\n&nbsp; &nbsp; &nbsp; &nbsp; &nbsp; &nbsp; id_kategori<br />\r\n&nbsp; &nbsp; &nbsp; &nbsp; &nbsp; &nbsp; id_sub<br />\r\n&nbsp; &nbsp; &nbsp; &nbsp; &nbsp; &nbsp; nip<br />\r\n&nbsp; &nbsp; &nbsp; &nbsp; &nbsp; &nbsp; judul<br />\r\n&nbsp; &nbsp; &nbsp; &nbsp; &nbsp; &nbsp; tgl_dibuat<br />\r\n&nbsp; &nbsp; &nbsp; &nbsp; &nbsp; &nbsp; artikel<br />\r\n&nbsp; &nbsp; &nbsp; &nbsp; &nbsp; &nbsp; view<br />\r\n&nbsp; &nbsp; &nbsp; &nbsp; */<br />\r\n&nbsp; &nbsp; &nbsp; &nbsp; $query=$this-&gt;db-&gt;get_where(&#39;artikel&#39;, array(<br />\r\n&nbsp; &nbsp; &nbsp; &nbsp; &nbsp; &nbsp; &#39;judul&#39;=&gt;$this-&gt;input-&gt;post(&#39;judul&#39;),<br />\r\n&nbsp; &nbsp; &nbsp; &nbsp; &nbsp; &nbsp; &#39;id_sub&#39;=&gt;$this-&gt;input-&gt;post(&#39;sub_kategori&#39;)<br />\r\n&nbsp; &nbsp; &nbsp; &nbsp; ));<br />\r\n&nbsp; &nbsp; &nbsp; &nbsp; if($query-&gt;num_rows()&gt;0){<br />\r\n&nbsp; &nbsp; &nbsp; &nbsp; &nbsp; &nbsp; $this-&gt;session-&gt;set_flashdata(&#39;error&#39;,&#39;Artikel Tersebut Sudah Prnah Di Tulis Sebelumnya!!!&#39;);&nbsp;<br />\r\n&nbsp; &nbsp; &nbsp; &nbsp; } else{<br />\r\n&nbsp; &nbsp; &nbsp; &nbsp; &nbsp; &nbsp; $data_insert= array(<br />\r\n&nbsp; &nbsp; &nbsp; &nbsp; &nbsp; &nbsp; &nbsp; &nbsp; &#39;id_kategori&#39;=&gt;$this-&gt;session-&gt;userdata(&#39;id_kategori&#39;),<br />\r\n&nbsp; &nbsp; &nbsp; &nbsp; &nbsp; &nbsp; &nbsp; &nbsp; &#39;id_sub&#39;=&gt;$this-&gt;session-&gt;userdata(&#39;id_sub&#39;),<br />\r\n&nbsp; &nbsp; &nbsp; &nbsp; &nbsp; &nbsp; &nbsp; &nbsp; &#39;nip&#39;=&gt;$this-&gt;session-&gt;userdata(&#39;nip&#39;),<br />\r\n&nbsp; &nbsp; &nbsp; &nbsp; &nbsp; &nbsp; &nbsp; &nbsp; &#39;judul&#39;=&gt;$this-&gt;session-&gt;userdata(&#39;judul&#39;),<br />\r\n&nbsp; &nbsp; &nbsp; &nbsp; &nbsp; &nbsp; &nbsp; &nbsp; &#39;tgl_dibuat&#39;=&gt;date(&#39;y-m-d&#39;),<br />\r\n&nbsp; &nbsp; &nbsp; &nbsp; &nbsp; &nbsp; &nbsp; &nbsp; &#39;artikel&#39;=&gt;$this-&gt;session-&gt;userdata(&#39;artikel&#39;),<br />\r\n&nbsp; &nbsp; &nbsp; &nbsp; &nbsp; &nbsp; &nbsp; &nbsp; &#39;verifikasi&#39;=&gt;BELUM,<br />\r\n&nbsp; &nbsp; &nbsp; &nbsp; &nbsp; &nbsp; &nbsp; &nbsp; &#39;viewed&#39;=&gt;&#39;0&#39;<br />\r\n&nbsp; &nbsp; &nbsp; &nbsp; &nbsp; &nbsp; );<br />\r\n&nbsp; &nbsp; &nbsp; &nbsp; &nbsp; &nbsp; $notif_from=&#39;ADMINISTRATOR&#39;;<br />\r\n&nbsp; &nbsp; &nbsp; &nbsp; &nbsp; &nbsp; $notif_to=$this-&gt;sessio-&gt;userdata(&#39;nip&#39;);<br />\r\n&nbsp; &nbsp; &nbsp; &nbsp; &nbsp; &nbsp; $subject=&#39;Artikel Saved&#39;;<br />\r\n&nbsp; &nbsp; &nbsp; &nbsp; &nbsp; &nbsp; $message=&#39;Your Artikel With Title &#39;.$this-&gt;session-&gt;userdata(&#39;judul&#39;).&#39; has been Saved.<br />\r\nWe will Preview Your article within 72 hours<br />\r\nRegrads Administrator.&#39;;<br />\r\n&nbsp; &nbsp; &nbsp; &nbsp; &nbsp; &nbsp; $notif_send=$this-&gt;notif($notif_from,$notif_to, $subject, $message);<br />\r\n&nbsp; &nbsp; &nbsp; &nbsp; &nbsp; &nbsp; if($insert_art){<br />\r\n&nbsp; &nbsp; &nbsp; &nbsp; &nbsp; &nbsp; &nbsp; &nbsp; $end_preview=array(&#39;id_kategori&#39;,&#39;id_sub&#39;,&#39;judul&#39;,&#39;tgl_dibuat&#39;,&#39;artikel&#39;,&#39;creator&#39;,&#39;nama_kategori&#39;,&#39;sub_kategori&#39;);<br />\r\n&nbsp; &nbsp; &nbsp; &nbsp; &nbsp; &nbsp; &nbsp; &nbsp; $this-&gt;session-&gt;unset_userdata($end_preview);<br />\r\n&nbsp; &nbsp; &nbsp; &nbsp; &nbsp; &nbsp; &nbsp; &nbsp;&nbsp;<br />\r\n&nbsp; &nbsp; &nbsp; &nbsp; &nbsp; &nbsp; } else {<br />\r\n&nbsp; &nbsp; &nbsp; &nbsp; &nbsp; &nbsp; &nbsp; &nbsp; $this-&gt;session-&gt;set_flashdata(&#39;error&#39;,&#39;Ada Kesalahan Hubungi Admin atau Teknisi agar segera di perbaiki!!!&#39;);&nbsp;<br />\r\n&nbsp; &nbsp; &nbsp; &nbsp; &nbsp; &nbsp; }<br />\r\n&nbsp; &nbsp; &nbsp; &nbsp; &nbsp; &nbsp; $this-&gt;session-&gt;set_flashdata(&#39;sukses&#39;,&#39;Suksess Artikel Anda Telah Terbit, Admin Akan segera memberi kabar kelanjutan!&#39;);<br />\r\n&nbsp; &nbsp; &nbsp; &nbsp; }<br />\r\n&nbsp; &nbsp; &nbsp; &nbsp; return;<br />\r\n&nbsp; &nbsp; }</p>\r\n</div>\r\n\r\n<p>Begitulah hehehehehehe&nbsp;</p>\r\n','1','SUDAH','2016-01-17 17:38:20'),(14,13,117,4,'test lagiiii','2015-12-29','<div style=\"background:#eee;border:1px solid #ccc;padding:5px 10px;\">\r\n<p>function pilih_sub_kategori(){<br />\r\n&nbsp;&nbsp; &nbsp;&nbsp;&nbsp; &nbsp;$data[&#39;sub_kategori&#39;]=$this-&gt;jurnalis_model-&gt;ambil_sub_kategori($this-&gt;uri-&gt;segment(3));<br />\r\n&nbsp;&nbsp; &nbsp;&nbsp;&nbsp; &nbsp;$this-&gt;load-&gt;view(&#39;jurnalis/drop_down_sub_kat&#39;,$data);<br />\r\n&nbsp;&nbsp; &nbsp;}<br />\r\n&nbsp; &nbsp; function preview(){<br />\r\n&nbsp; &nbsp; &nbsp; &nbsp; $data=$this-&gt;check();<br />\r\n&nbsp; &nbsp; &nbsp; &nbsp;&nbsp;<br />\r\n&nbsp; &nbsp; &nbsp; &nbsp; $this-&gt;template-&gt;display_frontEnd(&#39;testText&#39;,$data);<br />\r\n&nbsp; &nbsp; &nbsp; &nbsp;&nbsp;<br />\r\n&nbsp; &nbsp; }<br />\r\n&nbsp; &nbsp; function preview_artikel(){<br />\r\n&nbsp; &nbsp; &nbsp; &nbsp; $query=$this-&gt;jurnalis_model-&gt;setup_preview();<br />\r\n&nbsp; &nbsp; &nbsp; &nbsp; if($this-&gt;session-&gt;flashdata(&#39;error&#39;)){<br />\r\n&nbsp; &nbsp; &nbsp; &nbsp; &nbsp; &nbsp;&nbsp;<br />\r\n&nbsp; &nbsp; &nbsp; &nbsp; }else{<br />\r\n&nbsp; &nbsp; &nbsp; &nbsp; redirect(&#39;jurnalis/preview&#39;);<br />\r\n&nbsp; &nbsp; &nbsp; &nbsp; }<br />\r\n&nbsp; &nbsp; }<br />\r\n&nbsp; &nbsp;function masukan_artikel(){<br />\r\n&nbsp; &nbsp; &nbsp; &nbsp;$query=$this-&gt;jurnalis_model-&gt;model_masukan_artikel();<br />\r\n&nbsp; &nbsp; &nbsp; &nbsp;if($query){<br />\r\n&nbsp; &nbsp; &nbsp; &nbsp; &nbsp; &nbsp;<br />\r\n&nbsp; &nbsp; &nbsp; &nbsp;redirect(&#39;jurnalis/artikel_saya&#39;);<br />\r\n&nbsp; &nbsp; &nbsp; &nbsp;}else{<br />\r\n&nbsp; &nbsp; &nbsp; &nbsp; &nbsp; &nbsp;redirect(&#39;jurnalis/artikel_form&#39;);<br />\r\n&nbsp; &nbsp; &nbsp; &nbsp;}<br />\r\n&nbsp; &nbsp;}<br />\r\n&nbsp; &nbsp; function artikel_notif(){<br />\r\n&nbsp; &nbsp; &nbsp; &nbsp; $total_artikel_saya=$this-&gt;db-&gt;get_where(&#39;artikel&#39;,array(&#39;nip&#39;=&gt;$this-&gt;session-&gt;userdata(&#39;nip&#39;)));<br />\r\n&nbsp; &nbsp; &nbsp; &nbsp; return $total_artikel_saya;<br />\r\n&nbsp; &nbsp; }<br />\r\n&nbsp; &nbsp; function artikel_saya(){<br />\r\n&nbsp; &nbsp; &nbsp; &nbsp;&nbsp;<br />\r\n&nbsp; &nbsp; &nbsp; &nbsp; $data=$this-&gt;check();<br />\r\n&nbsp; &nbsp; &nbsp; &nbsp; $data[&#39;title&#39;]=&#39;Jurnalis | Artikel Saya&#39;;<br />\r\n&nbsp; &nbsp; &nbsp; &nbsp; $data[&#39;content&#39;]=&#39;Jurnalis&#39;;<br />\r\n&nbsp; &nbsp; &nbsp; &nbsp; $data[&#39;sub_title&#39;]=&#39;Artikel Saya&#39;;<br />\r\n&nbsp; &nbsp; &nbsp; &nbsp; $data[&#39;data&#39;]=$this-&gt;jurnalis_model-&gt;load_artikel();<br />\r\n&nbsp; &nbsp; &nbsp; &nbsp;&nbsp;<br />\r\n&nbsp; &nbsp; &nbsp; &nbsp; $data[&#39;notif_artikel&#39;]=$this-&gt;artikel_notif()-&gt;num_rows();<br />\r\n&nbsp; &nbsp; &nbsp; &nbsp; $this-&gt;template-&gt;display_jurnalis(&#39;jurnalis/artikel&#39;,$data);<br />\r\n&nbsp; &nbsp; &nbsp; &nbsp;&nbsp;<br />\r\n&nbsp; &nbsp; }<br />\r\n&nbsp; &nbsp; function do_upload(){<br />\r\n&nbsp; &nbsp; &nbsp; &nbsp; $this-&gt;load-&gt;library(&#39;encryption&#39;);<br />\r\n&nbsp; &nbsp; &nbsp; &nbsp;&nbsp;<br />\r\n&nbsp; &nbsp; &nbsp;$config = &nbsp;array(<br />\r\n&nbsp; &nbsp; &nbsp; &nbsp; &nbsp; &nbsp; &nbsp; &nbsp; &nbsp; &#39;file_name&#39; =&gt; $this-&gt;session-&gt;userdata(&#39;nip&#39;),<br />\r\n&nbsp; &nbsp; &nbsp; &nbsp; &nbsp; &nbsp; &nbsp; &nbsp; &nbsp; &#39;upload_path&#39; &nbsp; &nbsp; =&gt; &quot;./backend_images/&quot;,<br />\r\n&nbsp; &nbsp; &nbsp; &nbsp; &nbsp; &nbsp; &nbsp; &nbsp; &nbsp; &#39;allowed_types&#39; &nbsp; =&gt; &quot;gif|jpg|png|jpeg|pdf&quot;,<br />\r\n&nbsp; &nbsp; &nbsp; &nbsp; &nbsp; &nbsp; &nbsp; &nbsp; &nbsp; &#39;overwrite&#39; &nbsp; &nbsp; &nbsp; =&gt; TRUE,<br />\r\n&nbsp; &nbsp; &nbsp; &nbsp; &nbsp; &nbsp; &nbsp; &nbsp; &nbsp; &#39;max_size&#39; &nbsp; &nbsp; &nbsp; &nbsp;=&gt; &quot;0&quot;, &nbsp;// Can be set to particular file size<br />\r\n&nbsp; &nbsp; &nbsp; &nbsp; &nbsp; &nbsp; &nbsp; &nbsp; &nbsp; &#39;max_height&#39; &nbsp; &nbsp; &nbsp;=&gt; &quot;0&quot;,<br />\r\n&nbsp; &nbsp; &nbsp; &nbsp; &nbsp; &nbsp; &nbsp; &nbsp; &nbsp; &#39;remove_spaces&#39; &nbsp; =&gt; false,<br />\r\n&nbsp; &nbsp; &nbsp; &nbsp; &nbsp; &nbsp; &nbsp; &nbsp; &nbsp; &#39;max_width&#39; &nbsp; &nbsp; &nbsp; =&gt;&quot;0&quot;<br />\r\n&nbsp; &nbsp; &nbsp; &nbsp; &nbsp; &nbsp; &nbsp; &nbsp; );&nbsp;<br />\r\n&nbsp; &nbsp; &nbsp; &nbsp;&nbsp;</p>\r\n</div>\r\n','0','SUDAH','2016-01-17 08:00:49'),(15,13,117,4,'cara cepat bikin kue dd','2015-12-29','<div style=\"background:#eee;border:1px solid #ccc;padding:5px 10px;\">\r\n<p>&lt;?php if ( ! defined(&#39;BASEPATH&#39;)) exit(&#39;No direct script access allowed&#39;);<br />\r\n/*<br />\r\nBLOCK USER ACOOUNT;<br />\r\nBLOCK JRUNALIS;</p>\r\n\r\n<p>*/<br />\r\nclass Jurnalis extends CI_Controller {<br />\r\n&nbsp; &nbsp; function __construct(){<br />\r\n&nbsp; &nbsp; &nbsp; &nbsp; parent::__construct();<br />\r\n&nbsp; &nbsp; &nbsp; &nbsp; $this-&gt;load-&gt;library(&#39;template&#39;);<br />\r\n&nbsp; &nbsp; &nbsp; &nbsp; $this-&gt;load-&gt;model(&#39;jurnalis_model&#39;);<br />\r\n&nbsp; &nbsp; &nbsp; &nbsp; $this-&gt;load-&gt;helper(array(&#39;form&#39;, &#39;url&#39;));<br />\r\n&nbsp; &nbsp; &nbsp; &nbsp; date_default_timezone_set(&#39;Asia/Jakarta&#39;);<br />\r\n&nbsp; &nbsp; }<br />\r\n&nbsp; &nbsp; function home(){<br />\r\n&nbsp; &nbsp; &nbsp; &nbsp; $data=$this-&gt;check();<br />\r\n&nbsp; &nbsp; &nbsp; &nbsp; $data[&#39;notif_artikel&#39;]=$this-&gt;artikel_notif()-&gt;num_rows();<br />\r\n&nbsp; &nbsp; &nbsp; &nbsp; $data[&#39;title&#39;]=&#39;Home | Page&#39;;<br />\r\n&nbsp; &nbsp; &nbsp; &nbsp; $this-&gt;template-&gt;display_jurnalis(&#39;jurnalis/home&#39;,$data);<br />\r\n&nbsp; &nbsp; }<br />\r\n&nbsp; &nbsp;&nbsp;<br />\r\n&nbsp; &nbsp; function check(){<br />\r\n&nbsp; &nbsp; &nbsp; &nbsp; if($this-&gt;session-&gt;has_userdata(&#39;granted&#39;) &amp;&amp; $this-&gt;session-&gt;userdata(&#39;granted&#39;) == &#39;YES&#39;){<br />\r\n&nbsp; &nbsp; &nbsp; &nbsp; &nbsp; &nbsp; if($this-&gt;session-&gt;has_userdata(&#39;jabatan&#39;) &amp;&amp; $this-&gt;session-&gt;userdata(&#39;jabatan&#39;) ==&#39;Jurnalis&#39;){<br />\r\n&nbsp; &nbsp; &nbsp; &nbsp; &nbsp; &nbsp; &nbsp; &nbsp; $query=$this-&gt;db-&gt;get_where(&#39;employe&#39;,array(&#39;nip&#39;=&gt;$this-&gt;session-&gt;userdata(&#39;nip&#39;)));<br />\r\n&nbsp; &nbsp; &nbsp; &nbsp; &nbsp; &nbsp; &nbsp; &nbsp; foreach($query-&gt;result_array() as $pic_row){<br />\r\n&nbsp; &nbsp; &nbsp; &nbsp; &nbsp; &nbsp; &nbsp; &nbsp; &nbsp; &nbsp; $data[&#39;user_pic&#39;]=$pic_row[&#39;pic&#39;];<br />\r\n&nbsp; &nbsp; &nbsp; &nbsp; &nbsp; &nbsp; &nbsp; &nbsp; }<br />\r\n&nbsp; &nbsp; &nbsp; &nbsp; &nbsp; &nbsp; &nbsp; &nbsp; $row_notif=$this-&gt;jurnalis_model-&gt;get_message_notif();<br />\r\n&nbsp; &nbsp; &nbsp; &nbsp; &nbsp; &nbsp; &nbsp; &nbsp; $data[&#39;notif_row&#39;]=&#39;&#39;;<br />\r\n&nbsp; &nbsp; &nbsp; &nbsp; &nbsp; &nbsp; &nbsp; &nbsp; $data[&#39;notif_message&#39;]=&#39;&#39;;</p>\r\n\r\n<p>&nbsp; &nbsp; &nbsp; &nbsp; &nbsp; &nbsp; &nbsp; &nbsp; if($row_notif-&gt;num_rows() &gt; 0){<br />\r\n&nbsp; &nbsp; &nbsp; &nbsp; &nbsp; &nbsp; &nbsp; &nbsp; &nbsp; &nbsp; $data[&#39;notif_row&#39;]=$row_notif-&gt;num_rows();<br />\r\n&nbsp; &nbsp; &nbsp; &nbsp; &nbsp; &nbsp; &nbsp; &nbsp; &nbsp; &nbsp;&nbsp;<br />\r\n&nbsp; &nbsp; &nbsp; &nbsp; &nbsp; &nbsp; &nbsp; &nbsp; &nbsp; &nbsp; foreach($row_notif-&gt;result_array() as $row){<br />\r\n&nbsp; &nbsp; &nbsp; &nbsp; &nbsp; &nbsp; &nbsp; &nbsp; &nbsp; &nbsp; &nbsp; &nbsp; date_default_timezone_set(&#39;Asia/Jakarta&#39;);<br />\r\n&nbsp; &nbsp; &nbsp; &nbsp; &nbsp; &nbsp; &nbsp; &nbsp; &nbsp; &nbsp; &nbsp; &nbsp; $getDate=$row[&#39;notif_date&#39;];<br />\r\n&nbsp; &nbsp; &nbsp; &nbsp; &nbsp; &nbsp; &nbsp; &nbsp; &nbsp; &nbsp; &nbsp; &nbsp; $sel</p>\r\n</div>\r\n','0','SUDAH','2016-01-17 08:00:49'),(16,12,118,4,'cara cepat bikin kue awe','2015-12-29','<div style=\"background:#eee;border:1px solid #ccc;padding:5px 10px;\">\r\n<p><br />\r\n&nbsp; &nbsp; &nbsp; &nbsp; $query=$this-&gt;db-&gt;get_where(&#39;artikel&#39;, array(<br />\r\n&nbsp; &nbsp; &nbsp; &nbsp; &nbsp; &nbsp; &#39;judul&#39;=&gt;$this-&gt;input-&gt;post(&#39;judul&#39;),<br />\r\n&nbsp; &nbsp; &nbsp; &nbsp; &nbsp; &nbsp; &#39;id_sub&#39;=&gt;$this-&gt;input-&gt;post(&#39;sub_kategori&#39;)<br />\r\n&nbsp; &nbsp; &nbsp; &nbsp; ));<br />\r\n&nbsp; &nbsp; &nbsp; &nbsp; if($query-&gt;num_rows()&gt;0){<br />\r\n&nbsp; &nbsp; &nbsp; &nbsp; &nbsp; &nbsp; $this-&gt;session-&gt;set_flashdata(&#39;error&#39;,&#39;Artikel Tersebut Sudah Prnah Di Tulis Sebelumnya!!!&#39;);&nbsp;<br />\r\n&nbsp; &nbsp; &nbsp; &nbsp; } else{<br />\r\n&nbsp; &nbsp; &nbsp; &nbsp; &nbsp; &nbsp; $data_insert= array(<br />\r\n&nbsp; &nbsp; &nbsp; &nbsp; &nbsp; &nbsp; &nbsp; &nbsp; &#39;id_kategori&#39;=&gt;$this-&gt;session-&gt;userdata(&#39;id_kategori&#39;),<br />\r\n&nbsp; &nbsp; &nbsp; &nbsp; &nbsp; &nbsp; &nbsp; &nbsp; &#39;id_sub&#39;=&gt;$this-&gt;session-&gt;userdata(&#39;id_sub&#39;),<br />\r\n&nbsp; &nbsp; &nbsp; &nbsp; &nbsp; &nbsp; &nbsp; &nbsp; &#39;nip&#39;=&gt;$this-&gt;session-&gt;userdata(&#39;nip&#39;),<br />\r\n&nbsp; &nbsp; &nbsp; &nbsp; &nbsp; &nbsp; &nbsp; &nbsp; &#39;judul&#39;=&gt;$this-&gt;session-&gt;userdata(&#39;judul&#39;),<br />\r\n&nbsp; &nbsp; &nbsp; &nbsp; &nbsp; &nbsp; &nbsp; &nbsp; &#39;tgl_dibuat&#39;=&gt;date(&#39;y-m-d&#39;),<br />\r\n&nbsp; &nbsp; &nbsp; &nbsp; &nbsp; &nbsp; &nbsp; &nbsp; &#39;artikel&#39;=&gt;$this-&gt;session-&gt;userdata(&#39;artikel&#39;),<br />\r\n&nbsp; &nbsp; &nbsp; &nbsp; &nbsp; &nbsp; &nbsp; &nbsp; &#39;verifikasi&#39;=&gt;&#39;BELUM&#39;,<br />\r\n&nbsp; &nbsp; &nbsp; &nbsp; &nbsp; &nbsp; &nbsp; &nbsp; &#39;viewed&#39;=&gt;&#39;0&#39;<br />\r\n&nbsp; &nbsp; &nbsp; &nbsp; &nbsp; &nbsp; );<br />\r\n&nbsp; &nbsp; &nbsp; &nbsp; &nbsp; &nbsp; $insert_art=$this-&gt;db-&gt;insert(&#39;artikel&#39;,$data_insert);<br />\r\n&nbsp; &nbsp; &nbsp; &nbsp; &nbsp; &nbsp; $notif_from=&#39;AUTO NOTIF&#39;;<br />\r\n&nbsp; &nbsp; &nbsp; &nbsp; &nbsp; &nbsp; $notif_to=$this-&gt;session-&gt;userdata(&#39;nip&#39;);<br />\r\n&nbsp; &nbsp; &nbsp; &nbsp; &nbsp; &nbsp; $subject=&#39;Artikel Saved&#39;;<br />\r\n&nbsp; &nbsp; &nbsp; &nbsp; &nbsp; &nbsp; $message=&#39;Your Artikel With Title &#39;.$this-&gt;session-&gt;userdata(&#39;judul&#39;).&#39; has been Saved. &lt;br/&gt;We will Preview Your article within 72 hours&lt;br/&gt; Regrads Administrator.&#39;;<br />\r\n&nbsp; &nbsp; &nbsp; &nbsp; &nbsp; &nbsp; $notif_send=$this-&gt;notif($notif_from,$notif_to, $subject, $message);<br />\r\n&nbsp; &nbsp; &nbsp; &nbsp; &nbsp; &nbsp; if($insert_art){<br />\r\n&nbsp; &nbsp; &nbsp; &nbsp; &nbsp; &nbsp; &nbsp; &nbsp; $end_preview=array(&#39;id_kategori&#39;,&#39;id_sub&#39;,&#39;judul&#39;,&#39;tgl_dibuat&#39;,&#39;artikel&#39;,&#39;creator&#39;,&#39;nama_kategori&#39;,&#39;sub_kategori&#39;);<br />\r\n&nbsp; &nbsp; &nbsp; &nbsp; &nbsp; &nbsp; &nbsp; &nbsp; $this-&gt;session-&gt;unset_userdata($end_preview);<br />\r\n&nbsp; &nbsp; &nbsp; &nbsp; &nbsp; &nbsp; &nbsp; &nbsp;&nbsp;<br />\r\n&nbsp; &nbsp; &nbsp; &nbsp; &nbsp; &nbsp; } else {<br />\r\n&nbsp; &nbsp; &nbsp; &nbsp; &nbsp; &nbsp; &nbsp; &nbsp; $this-&gt;session-&gt;set_flashdata(&#39;error&#39;,&#39;Ada Kesalahan Hubungi Admin atau Teknisi agar segera di perbaiki!!!&#39;);&nbsp;<br />\r\n&nbsp; &nbsp; &nbsp; &nbsp; &nbsp; &nbsp; }<br />\r\n&nbsp; &nbsp; &nbsp; &nbsp; &nbsp; &nbsp; $this-&gt;session-&gt;set_flashdata(&#39;sukses&#39;,&#39;Suksess Artikel Anda Telah Terbit, Admin Akan segera memberi kabar kelanjutan!&#39;);<br />\r\n&nbsp; &nbsp; &nbsp; &nbsp; }<br />\r\n&nbsp; &nbsp; &nbsp; &nbsp; return;<br />\r\n&nbsp; &nbsp; }<br />\r\n&nbsp; &nbsp;&nbsp;<br />\r\n&nbsp; &nbsp; function load_artikel(){</p>\r\n</div>\r\n','1','SUDAH','2016-01-17 16:17:11');
/*!40000 ALTER TABLE `artikel` ENABLE KEYS */;
UNLOCK TABLES;

--
-- Table structure for table `ci_sessions`
--

DROP TABLE IF EXISTS `ci_sessions`;
/*!40101 SET @saved_cs_client     = @@character_set_client */;
/*!40101 SET character_set_client = utf8 */;
CREATE TABLE `ci_sessions` (
  `id` varchar(40) NOT NULL,
  `ip_address` varchar(45) NOT NULL,
  `timestamp` int(10) unsigned NOT NULL DEFAULT '0',
  `data` blob NOT NULL,
  PRIMARY KEY (`id`),
  KEY `ci_sessions_timestamp` (`timestamp`)
) ENGINE=InnoDB DEFAULT CHARSET=utf8;
/*!40101 SET character_set_client = @saved_cs_client */;

--
-- Dumping data for table `ci_sessions`
--

LOCK TABLES `ci_sessions` WRITE;
/*!40000 ALTER TABLE `ci_sessions` DISABLE KEYS */;
INSERT INTO `ci_sessions` VALUES ('0050be7dcb27f26e79af8584ce959b851280a49c','127.0.0.1',1453222346,'__ci_last_regenerate|i:1453222346;nip|s:1:\"1\";nama_depan|s:6:\"daniel\";nama_belakang|s:9:\"febryanto\";jabatan|s:13:\"Administrator\";granted|s:3:\"YES\";'),('0c2f076f7d2ba133d39cf7fba7504c91f8c809bb','127.0.0.1',1453219378,'__ci_last_regenerate|i:1453219378;nip|s:1:\"1\";nama_depan|s:6:\"daniel\";nama_belakang|s:9:\"febryanto\";jabatan|s:13:\"Administrator\";granted|s:3:\"YES\";'),('14eebea45208188e71c027f80690657d27232f5e','127.0.0.1',1453219580,'__ci_last_regenerate|i:1453219580;nip|s:1:\"1\";nama_depan|s:6:\"daniel\";nama_belakang|s:9:\"febryanto\";jabatan|s:13:\"Administrator\";granted|s:3:\"YES\";'),('1aa5f0c6ef905c7419e5f2f9b6f63d86ecbafefa','127.0.0.1',1453220026,'__ci_last_regenerate|i:1453220026;nip|s:1:\"1\";nama_depan|s:6:\"daniel\";nama_belakang|s:9:\"febryanto\";jabatan|s:13:\"Administrator\";granted|s:3:\"YES\";'),('1cd9c7b7067660e39fbf253a9e0bda2d2b0666b6','127.0.0.1',1454605762,'__ci_last_regenerate|i:1454605761;'),('20c714d8a801bbda1afa26b4b42a091f0fc42fc7','127.0.0.1',1453632495,'__ci_last_regenerate|i:1453632495;nip|s:1:\"1\";nama_depan|s:6:\"daniel\";nama_belakang|s:9:\"febryanto\";jabatan|s:13:\"Administrator\";granted|s:3:\"YES\";'),('2758e63b4bd1f6497dfacd3a1754a35217c6e701','127.0.0.1',1453220313,'__ci_last_regenerate|i:1453220313;nip|s:1:\"1\";nama_depan|s:6:\"daniel\";nama_belakang|s:9:\"febryanto\";jabatan|s:13:\"Administrator\";granted|s:3:\"YES\";'),('29eb550e03960cf75fffe67fa82259706ae85c71','127.0.0.1',1453222125,'__ci_last_regenerate|i:1453222125;nip|s:1:\"1\";nama_depan|s:6:\"daniel\";nama_belakang|s:9:\"febryanto\";jabatan|s:13:\"Administrator\";granted|s:3:\"YES\";'),('35714993b3e93608b0141c5ed1dfbe26f33e53db','127.0.0.1',1453221604,'__ci_last_regenerate|i:1453221604;nip|s:1:\"1\";nama_depan|s:6:\"daniel\";nama_belakang|s:9:\"febryanto\";jabatan|s:13:\"Administrator\";granted|s:3:\"YES\";'),('35ec64c4ea6bdbd9ae7c53c0ac865a0bfcc40818','127.0.0.1',1453222399,'__ci_last_regenerate|i:1453222399;nip|s:1:\"1\";nama_depan|s:6:\"daniel\";nama_belakang|s:9:\"febryanto\";jabatan|s:13:\"Administrator\";granted|s:3:\"YES\";'),('468f3d93e747661ce807ea1d59bf7cdaf092e56f','127.0.0.1',1453632223,'__ci_last_regenerate|i:1453632219;nip|s:1:\"1\";nama_depan|s:6:\"daniel\";nama_belakang|s:9:\"febryanto\";jabatan|s:13:\"Administrator\";granted|s:3:\"YES\";'),('4868712b1945d12e5e5941cafe3d4668dad9d05d','127.0.0.1',1453221624,'__ci_last_regenerate|i:1453221624;nip|s:1:\"1\";nama_depan|s:6:\"daniel\";nama_belakang|s:9:\"febryanto\";jabatan|s:13:\"Administrator\";granted|s:3:\"YES\";'),('4e330453626503073088b9254ad740abcbca6f72','127.0.0.1',1453632452,'__ci_last_regenerate|i:1453632452;nip|s:1:\"1\";nama_depan|s:6:\"daniel\";nama_belakang|s:9:\"febryanto\";jabatan|s:13:\"Administrator\";granted|s:3:\"YES\";'),('5054346b78514ad5d19ca54c847df3adc2e029f1','127.0.0.1',1453221874,'__ci_last_regenerate|i:1453221874;nip|s:1:\"1\";nama_depan|s:6:\"daniel\";nama_belakang|s:9:\"febryanto\";jabatan|s:13:\"Administrator\";granted|s:3:\"YES\";'),('51d5db06442036fb59f6c7ebc537cbe85783cbe0','127.0.0.1',1453219532,'__ci_last_regenerate|i:1453219532;nip|s:1:\"1\";nama_depan|s:6:\"daniel\";nama_belakang|s:9:\"febryanto\";jabatan|s:13:\"Administrator\";granted|s:3:\"YES\";'),('5e22a85c77b87296e9cb2df50db9010a8743088a','127.0.0.1',1453632269,'__ci_last_regenerate|i:1453632269;nip|s:1:\"1\";nama_depan|s:6:\"daniel\";nama_belakang|s:9:\"febryanto\";jabatan|s:13:\"Administrator\";granted|s:3:\"YES\";'),('5fd940510874c58f548b58ab0f50c9f8cc18fe85','127.0.0.1',1453222746,'__ci_last_regenerate|i:1453222746;nip|s:1:\"1\";nama_depan|s:6:\"daniel\";nama_belakang|s:9:\"febryanto\";jabatan|s:13:\"Administrator\";granted|s:3:\"YES\";'),('66ca4088141624ed91b15ef9b438a323be60a584','127.0.0.1',1453221176,'__ci_last_regenerate|i:1453221176;nip|s:1:\"1\";nama_depan|s:6:\"daniel\";nama_belakang|s:9:\"febryanto\";jabatan|s:13:\"Administrator\";granted|s:3:\"YES\";'),('6a9e0c5c922c3d8b851518596aa5783a8ddf8151','127.0.0.1',1456253017,'__ci_last_regenerate|i:1456253016;'),('6fc9c5a6e37e8a40cc566188eff82d0e535564ea','127.0.0.1',1453219858,'__ci_last_regenerate|i:1453219858;nip|s:1:\"1\";nama_depan|s:6:\"daniel\";nama_belakang|s:9:\"febryanto\";jabatan|s:13:\"Administrator\";granted|s:3:\"YES\";'),('745fe0738293677fb19d171fbecaf81b7390cd8f','127.0.0.1',1453222229,'__ci_last_regenerate|i:1453222229;nip|s:1:\"1\";nama_depan|s:6:\"daniel\";nama_belakang|s:9:\"febryanto\";jabatan|s:13:\"Administrator\";granted|s:3:\"YES\";'),('78e35f6518e613489cb90d1ddf0a03e61043ebcb','127.0.0.1',1453219969,'__ci_last_regenerate|i:1453219969;nip|s:1:\"1\";nama_depan|s:6:\"daniel\";nama_belakang|s:9:\"febryanto\";jabatan|s:13:\"Administrator\";granted|s:3:\"YES\";'),('796e15935090574b49234e615e5981921b67e660','127.0.0.1',1453222306,'__ci_last_regenerate|i:1453222306;nip|s:1:\"1\";nama_depan|s:6:\"daniel\";nama_belakang|s:9:\"febryanto\";jabatan|s:13:\"Administrator\";granted|s:3:\"YES\";'),('79daf1270a983cb46a9f9de1b1d02ea5f6129630','127.0.0.1',1453219954,'__ci_last_regenerate|i:1453219954;nip|s:1:\"1\";nama_depan|s:6:\"daniel\";nama_belakang|s:9:\"febryanto\";jabatan|s:13:\"Administrator\";granted|s:3:\"YES\";'),('8326a553683a54231abb48e960f969e145d3a0f6','127.0.0.1',1453219427,'__ci_last_regenerate|i:1453219427;nip|s:1:\"1\";nama_depan|s:6:\"daniel\";nama_belakang|s:9:\"febryanto\";jabatan|s:13:\"Administrator\";granted|s:3:\"YES\";'),('90b849589b669c4853e525b8f1048332f3282467','127.0.0.1',1453222418,'__ci_last_regenerate|i:1453222418;nip|s:1:\"1\";nama_depan|s:6:\"daniel\";nama_belakang|s:9:\"febryanto\";jabatan|s:13:\"Administrator\";granted|s:3:\"YES\";'),('95fb2dd183ca87755492b501a813b9eeda8eed14','127.0.0.1',1453220213,'__ci_last_regenerate|i:1453220213;nip|s:1:\"1\";nama_depan|s:6:\"daniel\";nama_belakang|s:9:\"febryanto\";jabatan|s:13:\"Administrator\";granted|s:3:\"YES\";'),('a0b1626a8f2d786ee5e9ce2c49afd50ed3e4fbd8','127.0.0.1',1453632475,'__ci_last_regenerate|i:1453632475;nip|s:1:\"1\";nama_depan|s:6:\"daniel\";nama_belakang|s:9:\"febryanto\";jabatan|s:13:\"Administrator\";granted|s:3:\"YES\";'),('a235f73a86ae654ed7d797636f52d6f4e10bc5d0','127.0.0.1',1453222029,'__ci_last_regenerate|i:1453222029;nip|s:1:\"1\";nama_depan|s:6:\"daniel\";nama_belakang|s:9:\"febryanto\";jabatan|s:13:\"Administrator\";granted|s:3:\"YES\";'),('ac787d8641bf65abb97cf94b94deecd34b63391f','127.0.0.1',1453219388,'__ci_last_regenerate|i:1453219388;nip|s:1:\"1\";nama_depan|s:6:\"daniel\";nama_belakang|s:9:\"febryanto\";jabatan|s:13:\"Administrator\";granted|s:3:\"YES\";'),('ae1851b080f2be393b5ca9cce41f7ce1aaf86476','127.0.0.1',1453219685,'__ci_last_regenerate|i:1453219685;nip|s:1:\"1\";nama_depan|s:6:\"daniel\";nama_belakang|s:9:\"febryanto\";jabatan|s:13:\"Administrator\";granted|s:3:\"YES\";'),('b5ef7f1559e4049b44c318d4088c8d3a5a018c69','127.0.0.1',1453219659,'__ci_last_regenerate|i:1453219659;nip|s:1:\"1\";nama_depan|s:6:\"daniel\";nama_belakang|s:9:\"febryanto\";jabatan|s:13:\"Administrator\";granted|s:3:\"YES\";'),('b6e35405a95b1f8243956f3e0ded26f0e1ef63a7','127.0.0.1',1453219924,'__ci_last_regenerate|i:1453219924;nip|s:1:\"1\";nama_depan|s:6:\"daniel\";nama_belakang|s:9:\"febryanto\";jabatan|s:13:\"Administrator\";granted|s:3:\"YES\";'),('bf9834d18dd9fbc5acb4599de9d3b451f0676311','127.0.0.1',1453221908,'__ci_last_regenerate|i:1453221908;nip|s:1:\"1\";nama_depan|s:6:\"daniel\";nama_belakang|s:9:\"febryanto\";jabatan|s:13:\"Administrator\";granted|s:3:\"YES\";'),('c493e071cef7d5229a63dd980d2fa0f05b95db3e','127.0.0.1',1453632279,'__ci_last_regenerate|i:1453632279;nip|s:1:\"1\";nama_depan|s:6:\"daniel\";nama_belakang|s:9:\"febryanto\";jabatan|s:13:\"Administrator\";granted|s:3:\"YES\";'),('c7063fd20b77f7d1ec9ff996ab40c7c2112461e7','127.0.0.1',1453222372,'__ci_last_regenerate|i:1453222372;nip|s:1:\"1\";nama_depan|s:6:\"daniel\";nama_belakang|s:9:\"febryanto\";jabatan|s:13:\"Administrator\";granted|s:3:\"YES\";'),('c7ffe14f761bde918cf146134701c532d9b56a9b','127.0.0.1',1453632466,'__ci_last_regenerate|i:1453632466;nip|s:1:\"1\";nama_depan|s:6:\"daniel\";nama_belakang|s:9:\"febryanto\";jabatan|s:13:\"Administrator\";granted|s:3:\"YES\";'),('cbfb4a08cb200e3276740a945c954c7b72a72548','127.0.0.1',1453632292,'__ci_last_regenerate|i:1453632292;nip|s:1:\"1\";nama_depan|s:6:\"daniel\";nama_belakang|s:9:\"febryanto\";jabatan|s:13:\"Administrator\";granted|s:3:\"YES\";'),('d2645f2bbfd3759674b423943a39bc4a646c81f3','127.0.0.1',1453222042,'__ci_last_regenerate|i:1453222042;nip|s:1:\"1\";nama_depan|s:6:\"daniel\";nama_belakang|s:9:\"febryanto\";jabatan|s:13:\"Administrator\";granted|s:3:\"YES\";'),('d37798ff1f12979e5e73abc9768362f84bdb9c28','127.0.0.1',1453632212,'__ci_last_regenerate|i:1453632211;'),('d54ad40fb161451ee92c27308e9c46fed45cbe16','127.0.0.1',1453219760,'__ci_last_regenerate|i:1453219760;nip|s:1:\"1\";nama_depan|s:6:\"daniel\";nama_belakang|s:9:\"febryanto\";jabatan|s:13:\"Administrator\";granted|s:3:\"YES\";'),('d81f6c325b22dbb727259cb271d3ec0a611916b7','127.0.0.1',1453221941,'__ci_last_regenerate|i:1453221941;nip|s:1:\"1\";nama_depan|s:6:\"daniel\";nama_belakang|s:9:\"febryanto\";jabatan|s:13:\"Administrator\";granted|s:3:\"YES\";'),('da588255f66e1483b7ac9c44f231d2331c1f99b9','127.0.0.1',1453632357,'__ci_last_regenerate|i:1453632357;nip|s:1:\"1\";nama_depan|s:6:\"daniel\";nama_belakang|s:9:\"febryanto\";jabatan|s:13:\"Administrator\";granted|s:3:\"YES\";'),('df9357469146edf2b5772734f58051055513d39f','127.0.0.1',1453221672,'__ci_last_regenerate|i:1453221672;nip|s:1:\"1\";nama_depan|s:6:\"daniel\";nama_belakang|s:9:\"febryanto\";jabatan|s:13:\"Administrator\";granted|s:3:\"YES\";'),('e6f096a72d1f3d3f74a5875a551ef37eba5aa0a6','127.0.0.1',1453222186,'__ci_last_regenerate|i:1453222186;nip|s:1:\"1\";nama_depan|s:6:\"daniel\";nama_belakang|s:9:\"febryanto\";jabatan|s:13:\"Administrator\";granted|s:3:\"YES\";'),('e7561edef92f9de9da0c7b443a7186cfae30bc4d','127.0.0.1',1453222019,'__ci_last_regenerate|i:1453222019;nip|s:1:\"1\";nama_depan|s:6:\"daniel\";nama_belakang|s:9:\"febryanto\";jabatan|s:13:\"Administrator\";granted|s:3:\"YES\";'),('fdce59040263752cd5bb0822130e0cd0fe14f559','127.0.0.1',1453219783,'__ci_last_regenerate|i:1453219783;nip|s:1:\"1\";nama_depan|s:6:\"daniel\";nama_belakang|s:9:\"febryanto\";jabatan|s:13:\"Administrator\";granted|s:3:\"YES\";');
/*!40000 ALTER TABLE `ci_sessions` ENABLE KEYS */;
UNLOCK TABLES;

--
-- Table structure for table `employe`
--

DROP TABLE IF EXISTS `employe`;
/*!40101 SET @saved_cs_client     = @@character_set_client */;
/*!40101 SET character_set_client = utf8 */;
CREATE TABLE `employe` (
  `nip` int(11) NOT NULL AUTO_INCREMENT,
  `nama_depan` varchar(50) NOT NULL,
  `nama_belakang` varchar(50) NOT NULL,
  `email` varchar(50) NOT NULL,
  `contact` varchar(45) NOT NULL,
  `password` varchar(50) NOT NULL,
  `dob` date NOT NULL,
  `pic` varchar(100) NOT NULL,
  `gender` varchar(10) NOT NULL,
  `tgl_join` date NOT NULL,
  `jabatan` varchar(50) NOT NULL,
  PRIMARY KEY (`nip`)
) ENGINE=InnoDB AUTO_INCREMENT=9 DEFAULT CHARSET=utf8;
/*!40101 SET character_set_client = @saved_cs_client */;

--
-- Dumping data for table `employe`
--

LOCK TABLES `employe` WRITE;
/*!40000 ALTER TABLE `employe` DISABLE KEYS */;
INSERT INTO `employe` VALUES (1,'daniel','febryanto','daniel','08561212866','1232','1990-02-21','1.jpg','Pria','2015-12-06','Administrator'),(2,'muhamad','safputra','muhamad.saf@gmail.com','08978285318','muhamad.saf@gmail.com','1990-12-08','user.png','Pria','2015-12-06','Jurnalis'),(3,'adhe','Yohanes','Ade.yoh@gmail.com','085695555513','Ade.yoh@gmail.com','1991-12-16','user.png','Pria','2015-12-07','Jurnalis'),(4,'indah','mutiara','ndah@yahoo.com','081318327298','1232','1990-10-05','4.jpg','Wanita','2015-12-07','Jurnalis'),(5,'ari','azhari','ari@gmail.com','085695555513','ari@gmail.com','1989-12-10','user.png','Pria','2015-12-07','Jurnalis'),(6,'hendro','handoko','hendro@gmail.com','08978285318','hendro@gmail.com','1985-12-30','user.png','Pria','2015-12-07','Jurnalis'),(7,'nina','zatulini','nina.zath@yahoo.com','08561212866','nina.zath@yahoo.com','1990-02-21','user.png','Wanita','2015-12-07','Jurnalis'),(8,'jaka','ardiola','jack@gmail.com','08788521235','jack@gmail.com','1990-12-26','user.png','Pria','2015-12-21','Jurnalis');
/*!40000 ALTER TABLE `employe` ENABLE KEYS */;
UNLOCK TABLES;

--
-- Table structure for table `kategori`
--

DROP TABLE IF EXISTS `kategori`;
/*!40101 SET @saved_cs_client     = @@character_set_client */;
/*!40101 SET character_set_client = utf8 */;
CREATE TABLE `kategori` (
  `id_kategori` int(11) NOT NULL AUTO_INCREMENT,
  `nama_kategori` varchar(50) NOT NULL,
  PRIMARY KEY (`id_kategori`)
) ENGINE=InnoDB AUTO_INCREMENT=22 DEFAULT CHARSET=utf8;
/*!40101 SET character_set_client = @saved_cs_client */;

--
-- Dumping data for table `kategori`
--

LOCK TABLES `kategori` WRITE;
/*!40000 ALTER TABLE `kategori` DISABLE KEYS */;
INSERT INTO `kategori` VALUES (11,'pemrograman'),(12,'Software'),(13,'Hardware'),(14,'qwerty'),(15,'tulayidddfffffff'),(16,'ssssss'),(17,''),(18,'ss'),(19,'s'),(20,'ss'),(21,'dddd');
/*!40000 ALTER TABLE `kategori` ENABLE KEYS */;
UNLOCK TABLES;

--
-- Table structure for table `notif`
--

DROP TABLE IF EXISTS `notif`;
/*!40101 SET @saved_cs_client     = @@character_set_client */;
/*!40101 SET character_set_client = utf8 */;
CREATE TABLE `notif` (
  `id_notif` int(11) NOT NULL AUTO_INCREMENT,
  `notif_from` varchar(20) NOT NULL,
  `notif_to` varchar(20) NOT NULL,
  `subject` varchar(100) NOT NULL,
  `message` text NOT NULL,
  `viewed` varchar(11) NOT NULL,
  `notif_date` timestamp NOT NULL DEFAULT CURRENT_TIMESTAMP ON UPDATE CURRENT_TIMESTAMP,
  PRIMARY KEY (`id_notif`)
) ENGINE=InnoDB AUTO_INCREMENT=18 DEFAULT CHARSET=utf8;
/*!40101 SET character_set_client = @saved_cs_client */;

--
-- Dumping data for table `notif`
--

LOCK TABLES `notif` WRITE;
/*!40000 ALTER TABLE `notif` DISABLE KEYS */;
INSERT INTO `notif` VALUES (9,'1','4','Artikel Release','Terimakasih. Artikel Anda dengan Judul Test Id Id Telah Kami Terbitkan','0','2015-12-29 09:50:10'),(10,'1','7','Artikel Verification','<p> Kekerasan<p><br/>Tolong donk beibh... tulisan nya dibagusin','0','2015-12-29 09:58:29'),(11,'1','7','Artikel Verification','<p> Kekerasan<p><br/>sssss','0','2015-12-29 10:06:18'),(12,'1','4','Artikel Verification','<p> Kekerasan<p><br/>sdsdsdssdsdsssssssssssssssssssssssssssssssssssssssssssssss','0','2015-12-29 10:07:28'),(13,'1','4','Artikel Release','Terimakasih. Artikel Anda dengan Judul Test Lagi Telah Kami Terbitkan','0','2015-12-29 10:10:45'),(14,'AUTO NOTIF','4','Artikel Saved','Your Artikel With Title test notif has been Saved. <br/>We will Preview Your article within 72 hours<br/> Regrads Administrator.','0','2015-12-29 11:35:20'),(15,'AUTO NOTIF','4','Artikel Saved','Your Artikel With Title test lagiiii has been Saved. <br/>We will Preview Your article within 72 hours<br/> Regrads Administrator.','0','2015-12-29 11:35:20'),(16,'AUTO NOTIF','4','Artikel Saved','Your Artikel With Title cara cepat bikin kue dd has been Saved. <br/>We will Preview Your article within 72 hours<br/> Regrads Administrator.','0','2015-12-29 11:35:20'),(17,'AUTO NOTIF','4','Artikel Saved','Your Artikel With Title cara cepat bikin kue awe has been Saved. <br/>We will Preview Your article within 72 hours<br/> Regrads Administrator.','0','2015-12-29 11:40:48');
/*!40000 ALTER TABLE `notif` ENABLE KEYS */;
UNLOCK TABLES;

--
-- Table structure for table `sub_kategori`
--

DROP TABLE IF EXISTS `sub_kategori`;
/*!40101 SET @saved_cs_client     = @@character_set_client */;
/*!40101 SET character_set_client = utf8 */;
CREATE TABLE `sub_kategori` (
  `id_sub` int(11) NOT NULL AUTO_INCREMENT,
  `id_kategori` int(11) NOT NULL,
  `nama_sub_kategori` varchar(50) NOT NULL,
  `jml_artikel` varchar(5) NOT NULL,
  `sub_kat_pic` varchar(45) DEFAULT NULL,
  PRIMARY KEY (`id_sub`),
  KEY `fk_id_kategori_sub` (`id_kategori`),
  CONSTRAINT `fk_id_kategori_sub` FOREIGN KEY (`id_kategori`) REFERENCES `kategori` (`id_kategori`)
) ENGINE=InnoDB AUTO_INCREMENT=119 DEFAULT CHARSET=utf8;
/*!40101 SET character_set_client = @saved_cs_client */;

--
-- Dumping data for table `sub_kategori`
--

LOCK TABLES `sub_kategori` WRITE;
/*!40000 ALTER TABLE `sub_kategori` DISABLE KEYS */;
INSERT INTO `sub_kategori` VALUES (111,11,'Hardware','4',NULL),(112,12,'Php','3',NULL),(113,13,'Anti Virus','1',NULL),(114,12,'javascript','6',NULL),(115,12,'ASP NET','0',NULL),(116,12,'JSP','0',NULL),(117,13,'Multimedia','0',NULL),(118,12,'Java','2',NULL);
/*!40000 ALTER TABLE `sub_kategori` ENABLE KEYS */;
UNLOCK TABLES;

--
-- Table structure for table `tbl_nama_dosen`
--

DROP TABLE IF EXISTS `tbl_nama_dosen`;
/*!40101 SET @saved_cs_client     = @@character_set_client */;
/*!40101 SET character_set_client = utf8 */;
CREATE TABLE `tbl_nama_dosen` (
  `kode_dosen` varchar(5) NOT NULL,
  `NIDN` varchar(10) DEFAULT NULL,
  `nama_dosen` varchar(30) DEFAULT NULL,
  `alamat` text,
  `telp` varchar(20) DEFAULT NULL,
  PRIMARY KEY (`kode_dosen`)
) ENGINE=InnoDB DEFAULT CHARSET=latin1;
/*!40101 SET character_set_client = @saved_cs_client */;

--
-- Dumping data for table `tbl_nama_dosen`
--

LOCK TABLES `tbl_nama_dosen` WRITE;
/*!40000 ALTER TABLE `tbl_nama_dosen` DISABLE KEYS */;
INSERT INTO `tbl_nama_dosen` VALUES ('D001','-','Drs. Eko Listiwikono, MM','-','-'),('D002','706065901','Drs. Mohamad Dedi','-','-'),('D003','730076801','Ir. H. Moch Najib','-','-'),('D004','-','Iman Santoso, SE, MM','-','-'),('D005','730076801','H. Chairul Anam, SE, S.Kom','-','-'),('D006','713077804','Hadiq, ST, M.Kom','-','-'),('D007','702067001','Slamet Siswanto Utomo, ST','-','-'),('D008','713078001','Dwi Yulian RL, S.Kom','-','-'),('D009','715096904','Tintin Harlina, S.Kom','-','-'),('D010','-','Sri Indriastuti, S.Kom','-','-'),('D011','711077704','Rahman Yulianto, S.Kom','-','-'),('D012','726067101','Djuniharto, SE','-','-'),('D013','708027201','Rudi Hartono, SE','-','-'),('D014','705018101','Milanoke Pramanik, S.Kom','-','-'),('D015','723127704','Ferdi Berlian, ST','-','-'),('D016','-','Mohammad, S.Pd','-','-'),('D017','724058102','Lukman Arief Manshur, M.Pdi','-','-'),('D018','-','Miftahul Arifin, M.Pd','-','-'),('D019','706117302','Haykal, S.Pd','-','-'),('D020','701085807','Sudjadi, MT','-','-'),('D021','-','Drs. Agus Riyono','-','-'),('D022','-','Drs. Ismudiarto','-','-'),('D023','708107502','Yoyon Arie Budi, ST','-','-'),('D024','-','Nur Ahmadi, ST','-','-'),('D025','-','Iroe Sukartono Mahdi, M.Pd','-','-'),('D026','713037801','Mohammad Fairuz Abadi, S.Pd','-','-'),('D027','723048302','Solehatin, S.Kom','-','-'),('D028','705037901','Eko Heri Susanto, S.Kom','-','-'),('D029','724107701','Rio Cundris Kurniawan, ST','-','-'),('D030','718128501','Abdul Haris, S.Kom','-','-'),('D031','718118502','Muhamad Erda Habiby, S.ST','-','-'),('D033','-','Bambang Priyono, S.Pd','-','-'),('D034','-','Dr. Lukman Hakim','-','-'),('D035','-','Faruk Alfiyan, S.Kom','-','-'),('D036','-','Sulaibatul Aslamiyah, S.Kom','-','-');
/*!40000 ALTER TABLE `tbl_nama_dosen` ENABLE KEYS */;
UNLOCK TABLES;

--
-- Table structure for table `tbl_pendapatan`
--

DROP TABLE IF EXISTS `tbl_pendapatan`;
/*!40101 SET @saved_cs_client     = @@character_set_client */;
/*!40101 SET character_set_client = utf8 */;
CREATE TABLE `tbl_pendapatan` (
  `id` int(5) NOT NULL AUTO_INCREMENT,
  `tanggal` date NOT NULL,
  `hasil` int(10) NOT NULL,
  PRIMARY KEY (`id`)
) ENGINE=InnoDB AUTO_INCREMENT=14 DEFAULT CHARSET=utf8;
/*!40101 SET character_set_client = @saved_cs_client */;

--
-- Dumping data for table `tbl_pendapatan`
--

LOCK TABLES `tbl_pendapatan` WRITE;
/*!40000 ALTER TABLE `tbl_pendapatan` DISABLE KEYS */;
INSERT INTO `tbl_pendapatan` VALUES (1,'2013-01-01',30),(2,'2013-02-01',20),(3,'2013-03-01',90),(4,'2013-04-01',70),(5,'2013-05-01',20),(6,'2013-06-01',40),(8,'2013-07-01',90),(9,'2013-08-01',10),(10,'2013-09-01',90),(11,'2013-10-01',60),(12,'2013-11-01',90),(13,'2013-12-01',40);
/*!40000 ALTER TABLE `tbl_pendapatan` ENABLE KEYS */;
UNLOCK TABLES;

--
-- Table structure for table `test`
--

DROP TABLE IF EXISTS `test`;
/*!40101 SET @saved_cs_client     = @@character_set_client */;
/*!40101 SET character_set_client = utf8 */;
CREATE TABLE `test` (
  `id` int(11) NOT NULL AUTO_INCREMENT,
  `art` text NOT NULL,
  PRIMARY KEY (`id`)
) ENGINE=InnoDB AUTO_INCREMENT=9 DEFAULT CHARSET=utf8;
/*!40101 SET character_set_client = @saved_cs_client */;

--
-- Dumping data for table `test`
--

LOCK TABLES `test` WRITE;
/*!40000 ALTER TABLE `test` DISABLE KEYS */;
INSERT INTO `test` VALUES (1,'asasas'),(2,'<p>saas jahsduashd asdipjaoidjaoidj asipdfjaifjdifjdifjdij aipfjidjfid pidjfidjfi difjioadsjfidj0saas jahsduashd asdipjaoidjaoidj asipdfjaifjdifjdifjdij aipfjidjfid pidjfidjfi difjioadsjfidj0saas jahsduashd asdipjaoidjaoidj asipdfjaifjdifjdifjdij aipfjidjfid pidjfidjfi difjioadsjfidj0saas jahsduashd asdipjaoidjaoidj asipdfjaifjdifjdifjdij aipfjidjfid pidjfidjfi difjioadsjfidj0saas jahsduashd asdipjaoidjaoidj asipdfjaifjdifjdifjdij aipfjidjfid pidjfidjfi difjioadsjfidj0</p>\r\n\r\n<hr />\r\n<div style=\"background:#eee;border:1px solid #ccc;padding:5px 10px;\">\r\n<p>dfsdafsdffffffffffffffffffffffffffffffffffffffffffffffffffffffffffffffffff&nbsp;saas jahsduashd asdipjaoidjaoidj asipdfjaifjdifjdifjdij aipfjidjfid pidjfidjfi difjioadsjfidj0saas jahsduashd asdipjaoidjaoidj asipdfjaifjdifjdifjdij aipfjidjfid pidjfidjfi difjioadsjfidj0saas jahsduashd asdipjaoidjaoidj asipdfjaifjdifjdifjdij aipfjidjfid pidjfidjfi difjioadsjfidj0saas jahsduashd asdipjaoidjaoidj asipdfjaifjdifjdifjdij aipfjidjfid pidjfidjfi difjioadsjfidj0saas jahsduashd asdipjaoidjaoidj asipdfjaifjdifjdifjdij aipfjidjfid pidjfidjfi difjioadsjfidj0</p>\r\n</div>\r\n\r\n<p>&nbsp;<input type=\"text\" />zcvsaas jahsduashd asdipjaoidjaoidj asipdfjaifjdifjdifjdij aipfjidjfid pidjfidjfi difjioadsjfidj0saas jahsduashd asdipjaoidjaoidj asipdfjaifjdifjdifjdij aipfjidjfid pidjfidjfi difjioadsjfidj0saas jahsduashd asdipjaoidjaoidj asipdfjaifjdifjdifjdij aipfjidjfid pidjfidjfi difjioadsjfidj0</p>\r\n\r\n<table border=\"1\" cellpadding=\"1\" cellspacing=\"1\" style=\"width:500px\">\r\n	<tbody>\r\n		<tr>\r\n			<td>sff</td>\r\n			<td>sdsds</td>\r\n		</tr>\r\n		<tr>\r\n			<td>sdsds</td>\r\n			<td>sdsd</td>\r\n		</tr>\r\n		<tr>\r\n			<td>sdsd</td>\r\n			<td>sdsdsds</td>\r\n		</tr>\r\n	</tbody>\r\n</table>\r\n\r\n<p>&nbsp;</p>\r\n'),(3,'<p>saas jahsduashd asdipjaoidjaoidj asipdfjaifjdifjdifjdij aipfjidjfid pidjfidjfi difjioadsjfidj0saas jahsduashd asdipjaoidjaoidj asipdfjaifjdifjdifjdij aipfjidjfid pidjfidjfi difjioadsjfidj0saas jahsduashd asdipjaoidjaoidj asipdfjaifjdifjdifjdij aipfjidjfid pidjfidjfi difjioadsjfidj0saas jahsduashd asdipjaoidjaoidj asipdfjaifjdifjdifjdij aipfjidjfid pidjfidjfi difjioadsjfidj0saas jahsduashd asdipjaoidjaoidj asipdfjaifjdifjdifjdij aipfjidjfid pidjfidjfi difjioadsjfidj0</p>\r\n\r\n<hr />\r\n<div style=\"background:#eee;border:1px solid #ccc;padding:5px 10px;\">\r\n<p>dfsdafsdffffffffffffffffffffffffffffffffffffffffffffffffffffffffffffffffff&nbsp;saas jahsduashd asdipjaoidjaoidj asipdfjaifjdifjdifjdij aipfjidjfid pidjfidjfi difjioadsjfidj0saas jahsduashd asdipjaoidjaoidj asipdfjaifjdifjdifjdij aipfjidjfid pidjfidjfi difjioadsjfidj0saas jahsduashd asdipjaoidjaoidj asipdfjaifjdifjdifjdij aipfjidjfid pidjfidjfi difjioadsjfidj0saas jahsduashd asdipjaoidjaoidj asipdfjaifjdifjdifjdij aipfjidjfid pidjfidjfi difjioadsjfidj0saas jahsduashd asdipjaoidjaoidj asipdfjaifjdifjdifjdij aipfjidjfid pidjfidjfi difjioadsjfidj0</p>\r\n</div>\r\n\r\n<p>&nbsp;<input type=\"text\" />zcvsaas jahsduashd asdipjaoidjaoidj asipdfjaifjdifjdifjdij aipfjidjfid pidjfidjfi difjioadsjfidj0saas jahsduashd asdipjaoidjaoidj asipdfjaifjdifjdifjdij aipfjidjfid pidjfidjfi difjioadsjfidj0saas jahsduashd asdipjaoidjaoidj asipdfjaifjdifjdifjdij aipfjidjfid pidjfidjfi difjioadsjfidj0</p>\r\n\r\n<table border=\"1\" cellpadding=\"1\" cellspacing=\"1\" style=\"width:500px\">\r\n	<tbody>\r\n		<tr>\r\n			<td>sff</td>\r\n			<td>sdsds</td>\r\n		</tr>\r\n		<tr>\r\n			<td>sdsds</td>\r\n			<td>sdsd</td>\r\n		</tr>\r\n		<tr>\r\n			<td>sdsd</td>\r\n			<td>sdsdsds</td>\r\n		</tr>\r\n	</tbody>\r\n</table>\r\n\r\n<p>&nbsp;</p>\r\n'),(4,'<div>\r\n<p>ssssssssssssssssssssdddffdgdd fgggggggggggggggggggggggggffgfgfgf</p>\r\n\r\n<p>&nbsp;</p>\r\n\r\n<p>&nbsp;</p>\r\n\r\n<p>&nbsp;</p>\r\n\r\n<p>ghghggdg</p>\r\n\r\n<p>&nbsp;</p>\r\n\r\n<p>&nbsp;</p>\r\n</div>\r\n'),(5,''),(6,''),(7,''),(8,'');
/*!40000 ALTER TABLE `test` ENABLE KEYS */;
UNLOCK TABLES;

--
-- Table structure for table `test_calender`
--

DROP TABLE IF EXISTS `test_calender`;
/*!40101 SET @saved_cs_client     = @@character_set_client */;
/*!40101 SET character_set_client = utf8 */;
CREATE TABLE `test_calender` (
  `id` int(11) NOT NULL AUTO_INCREMENT,
  `namaEven` varchar(45) NOT NULL,
  `Tanggal` date NOT NULL,
  `end` date DEFAULT NULL,
  `lok` varchar(45) NOT NULL,
  `color` varchar(45) NOT NULL,
  PRIMARY KEY (`id`)
) ENGINE=InnoDB AUTO_INCREMENT=3 DEFAULT CHARSET=utf8;
/*!40101 SET character_set_client = @saved_cs_client */;

--
-- Dumping data for table `test_calender`
--

LOCK TABLES `test_calender` WRITE;
/*!40000 ALTER TABLE `test_calender` DISABLE KEYS */;
INSERT INTO `test_calender` VALUES (1,'HUT AZIZ','2016-01-23','0000-00-00','Puri','#00a65a'),(2,'FFFF','2016-01-25','2016-01-30','Asd','#00c0ef');
/*!40000 ALTER TABLE `test_calender` ENABLE KEYS */;
UNLOCK TABLES;

--
-- Table structure for table `test_time`
--

DROP TABLE IF EXISTS `test_time`;
/*!40101 SET @saved_cs_client     = @@character_set_client */;
/*!40101 SET character_set_client = utf8 */;
CREATE TABLE `test_time` (
  `idnew_table` int(11) NOT NULL,
  `tmisatamp` timestamp NOT NULL DEFAULT CURRENT_TIMESTAMP ON UPDATE CURRENT_TIMESTAMP,
  PRIMARY KEY (`idnew_table`)
) ENGINE=InnoDB DEFAULT CHARSET=utf8;
/*!40101 SET character_set_client = @saved_cs_client */;

--
-- Dumping data for table `test_time`
--

LOCK TABLES `test_time` WRITE;
/*!40000 ALTER TABLE `test_time` DISABLE KEYS */;
INSERT INTO `test_time` VALUES (12,'2015-12-27 14:18:26');
/*!40000 ALTER TABLE `test_time` ENABLE KEYS */;
UNLOCK TABLES;

--
-- Table structure for table `users`
--

DROP TABLE IF EXISTS `users`;
/*!40101 SET @saved_cs_client     = @@character_set_client */;
/*!40101 SET character_set_client = utf8 */;
CREATE TABLE `users` (
  `id` int(11) NOT NULL AUTO_INCREMENT,
  `username` varchar(255) NOT NULL,
  `email` varchar(50) NOT NULL,
  `password` varchar(50) NOT NULL,
  PRIMARY KEY (`id`)
) ENGINE=MyISAM DEFAULT CHARSET=utf8;
/*!40101 SET character_set_client = @saved_cs_client */;

--
-- Dumping data for table `users`
--

LOCK TABLES `users` WRITE;
/*!40000 ALTER TABLE `users` DISABLE KEYS */;
/*!40000 ALTER TABLE `users` ENABLE KEYS */;
UNLOCK TABLES;

--
-- Table structure for table `visitors`
--

DROP TABLE IF EXISTS `visitors`;
/*!40101 SET @saved_cs_client     = @@character_set_client */;
/*!40101 SET character_set_client = utf8 */;
CREATE TABLE `visitors` (
  `id` int(11) NOT NULL AUTO_INCREMENT,
  `ip_address` varchar(45) NOT NULL,
  `date` datetime NOT NULL,
  `timestamp` timestamp NOT NULL DEFAULT CURRENT_TIMESTAMP ON UPDATE CURRENT_TIMESTAMP,
  PRIMARY KEY (`id`)
) ENGINE=InnoDB AUTO_INCREMENT=93 DEFAULT CHARSET=utf8;
/*!40101 SET character_set_client = @saved_cs_client */;

--
-- Dumping data for table `visitors`
--

LOCK TABLES `visitors` WRITE;
/*!40000 ALTER TABLE `visitors` DISABLE KEYS */;
INSERT INTO `visitors` VALUES (1,'127.0.0.1','2016-01-15 17:37:00','2016-01-17 07:38:33'),(2,'127.0.0.1','2016-01-15 11:01:19','2016-01-17 07:38:33'),(3,'127.0.0.1','2016-01-15 14:01:24','2016-01-17 07:38:33'),(4,'127.0.0.1','2016-01-15 17:01:32','2016-01-17 07:38:33'),(5,'127.0.0.1','2016-01-15 17:01:12','2016-01-17 07:38:33'),(6,'127.0.0.1','2016-01-15 17:01:46','2016-01-17 07:38:33'),(7,'127.0.0.1','2016-01-15 17:01:13','2016-01-17 07:38:33'),(8,'127.0.0.1','2016-01-15 17:01:10','2016-01-17 07:38:33'),(9,'127.0.0.1','2016-01-15 17:01:25','2016-01-17 07:38:33'),(10,'127.0.0.1','2016-01-15 17:01:03','2016-01-17 07:38:33'),(11,'127.0.0.1','2016-01-15 17:01:15','2016-01-17 07:38:33'),(12,'127.0.0.1','2016-01-15 17:01:07','2016-01-17 07:38:33'),(13,'127.0.0.1','2016-01-15 17:01:49','2016-01-17 07:38:33'),(14,'127.0.0.1','2016-01-15 17:01:05','2016-01-17 07:38:33'),(15,'127.0.0.1','2016-01-16 10:01:26','2016-01-17 07:38:33'),(16,'127.0.0.1','2016-01-16 10:01:49','2016-01-17 07:38:33'),(17,'127.0.0.1','2016-01-16 10:01:55','2016-01-17 07:38:33'),(18,'127.0.0.1','2016-01-16 10:01:11','2016-01-17 07:38:33'),(19,'127.0.0.1','2016-01-16 10:01:16','2016-01-17 07:38:33'),(20,'127.0.0.1','2016-01-16 10:01:38','2016-01-17 07:38:33'),(21,'127.0.0.1','2016-01-16 10:01:20','2016-01-17 07:38:33'),(22,'127.0.0.1','2016-01-16 10:01:09','2016-01-17 07:38:33'),(23,'127.0.0.1','2016-01-16 10:01:10','2016-01-17 07:38:33'),(24,'127.0.0.1','2016-01-16 10:01:31','2016-01-17 07:38:33'),(25,'127.0.0.1','2016-01-16 10:01:12','2016-01-17 07:38:33'),(26,'127.0.0.1','2016-01-16 10:01:24','2016-01-17 07:38:33'),(27,'127.0.0.1','2016-01-16 10:01:45','2016-01-17 07:38:33'),(28,'127.0.0.1','2016-01-16 14:01:40','2016-01-17 07:38:33'),(29,'127.0.0.1','2016-01-16 14:01:47','2016-01-17 07:38:33'),(30,'127.0.0.1','2016-01-16 14:01:45','2016-01-17 07:38:33'),(31,'127.0.0.1','2016-01-16 14:01:36','2016-01-17 07:38:33'),(32,'127.0.0.1','2016-01-16 14:01:57','2016-01-17 07:38:33'),(33,'127.0.0.1','2016-01-16 14:01:00','2016-01-17 07:38:33'),(34,'127.0.0.1','2016-01-16 14:01:01','2016-01-17 07:38:33'),(35,'127.0.0.1','2016-01-16 14:01:29','2016-01-17 07:38:33'),(36,'127.0.0.1','2016-01-16 14:01:54','2016-01-17 07:38:33'),(37,'127.0.0.1','2016-01-16 14:01:26','2016-01-17 07:38:33'),(38,'127.0.0.1','2016-01-16 14:01:38','2016-01-17 07:38:33'),(39,'127.0.0.1','2016-01-16 14:01:52','2016-01-17 07:38:33'),(40,'127.0.0.1','2016-01-16 14:01:15','2016-01-17 07:38:33'),(41,'127.0.0.1','2016-01-16 14:01:47','2016-01-17 07:38:33'),(42,'127.0.0.1','2016-01-16 14:01:32','2016-01-17 07:38:33'),(43,'127.0.0.1','2016-01-16 14:01:58','2016-01-17 07:38:33'),(44,'127.0.0.1','2016-01-16 14:01:20','2016-01-17 07:38:33'),(45,'127.0.0.1','2016-01-16 14:01:08','2016-01-17 07:38:33'),(46,'127.0.0.1','2016-01-16 14:01:10','2016-01-17 07:38:33'),(47,'127.0.0.1','2016-01-16 14:01:21','2016-01-17 07:38:33'),(48,'127.0.0.1','2016-01-16 14:01:44','2016-01-17 07:38:33'),(49,'127.0.0.1','2016-01-16 14:01:11','2016-01-17 07:38:33'),(50,'127.0.0.1','2016-01-16 14:01:01','2016-01-17 07:38:33'),(51,'127.0.0.1','2016-01-16 14:01:19','2016-01-17 07:38:33'),(52,'127.0.0.1','2016-01-16 14:01:51','2016-01-17 07:38:33'),(53,'127.0.0.1','2016-01-16 14:01:09','2016-01-17 07:38:33'),(54,'127.0.0.1','2016-01-16 14:01:21','2016-01-17 07:38:33'),(55,'127.0.0.1','2016-01-16 14:01:46','2016-01-17 07:38:33'),(56,'127.0.0.1','2016-01-16 14:01:00','2016-01-17 07:38:33'),(57,'127.0.0.1','2016-01-16 14:01:03','2016-01-17 07:38:33'),(58,'127.0.0.1','2016-01-16 14:01:31','2016-01-17 07:38:33'),(59,'127.0.0.1','2016-01-17 07:01:15','2016-01-17 07:38:33'),(60,'127.0.0.1','2016-01-17 07:01:44','2016-01-17 07:38:33'),(61,'127.0.0.1','2016-01-17 07:01:07','2016-01-17 07:38:33'),(62,'127.0.0.1','2016-01-17 08:01:54','2016-01-17 07:38:33'),(63,'127.0.0.1','2016-01-17 08:01:06','2016-01-17 07:38:33'),(64,'127.0.0.1','2016-01-17 08:01:42','2016-01-17 07:38:33'),(65,'127.0.0.1','2016-01-17 08:01:44','2016-01-17 07:38:33'),(66,'127.0.0.1','2016-01-17 08:01:42','2016-01-17 07:38:33'),(67,'127.0.0.1','2016-01-17 08:01:17','2016-01-17 07:38:33'),(68,'127.0.0.1','2016-01-17 08:01:01','2016-01-17 07:38:33'),(69,'127.0.0.1','2016-01-17 08:01:30','2016-01-17 07:38:33'),(70,'127.0.0.1','2016-01-17 08:01:24','2016-01-17 07:38:33'),(71,'127.0.0.1','2016-01-17 08:01:05','2016-01-17 07:38:33'),(72,'127.0.0.1','2016-01-17 08:01:51','2016-01-17 07:38:33'),(73,'127.0.0.1','2016-01-17 08:01:57','2016-01-17 07:38:33'),(74,'127.0.0.1','2016-01-17 08:01:58','2016-01-17 07:38:33'),(75,'127.0.0.1','2016-01-17 08:01:58','2016-01-17 07:38:33'),(76,'127.0.0.1','2016-01-17 08:01:58','2016-01-17 07:38:33'),(77,'127.0.0.1','2016-01-17 08:01:59','2016-01-17 07:38:33'),(78,'127.0.0.1','2016-01-17 08:01:59','2016-01-17 07:38:33'),(79,'127.0.0.1','2016-01-17 08:01:52','2016-01-17 07:38:33'),(80,'127.0.0.1','2016-01-17 08:01:53','2016-01-17 07:38:33'),(81,'127.0.0.1','2016-01-17 08:01:53','2016-01-17 07:38:33'),(82,'127.0.0.1','2016-01-17 08:01:53','2016-01-17 07:38:33'),(83,'127.0.0.1','2016-01-17 08:01:53','2016-01-17 07:38:33'),(84,'127.0.0.1','2016-01-17 08:01:54','2016-01-17 07:38:33'),(85,'127.0.0.1','2016-01-17 08:01:58','2016-01-17 07:38:33'),(86,'127.0.0.1','2016-01-17 08:01:40','2016-01-17 07:38:33'),(87,'127.0.0.1','2016-01-17 08:01:40','2016-01-17 07:38:33'),(88,'127.0.0.1','2016-01-17 08:01:41','2016-01-17 07:38:33'),(89,'127.0.0.1','2016-01-17 08:01:41','2016-01-17 07:38:33'),(90,'127.0.0.1','2016-01-17 08:01:41','2016-01-17 07:38:33'),(91,'127.0.0.1','2016-01-17 08:01:41','2016-01-15 07:38:33'),(92,'127.0.0.1','2016-01-17 14:01:30','2016-01-17 07:53:30');
/*!40000 ALTER TABLE `visitors` ENABLE KEYS */;
UNLOCK TABLES;
/*!40103 SET TIME_ZONE=@OLD_TIME_ZONE */;

/*!40101 SET SQL_MODE=@OLD_SQL_MODE */;
/*!40014 SET FOREIGN_KEY_CHECKS=@OLD_FOREIGN_KEY_CHECKS */;
/*!40014 SET UNIQUE_CHECKS=@OLD_UNIQUE_CHECKS */;
/*!40101 SET CHARACTER_SET_CLIENT=@OLD_CHARACTER_SET_CLIENT */;
/*!40101 SET CHARACTER_SET_RESULTS=@OLD_CHARACTER_SET_RESULTS */;
/*!40101 SET COLLATION_CONNECTION=@OLD_COLLATION_CONNECTION */;
/*!40111 SET SQL_NOTES=@OLD_SQL_NOTES */;

-- Dump completed on 2016-03-03 10:44:53
